-1.3,41.6,0.6,-8.7,1.9,-44.2,1.1,-12.6,-0.3,-35.4,1,-38,2.3,762.516
-1.3,41.6,0.6,-6.1,1.9,-46.2,1.1,-17.6,-0.3,-35.4,0.6,-41.9,1.6,762.528
-1.3,41.6,0.6,-6.1,1.9,-46.2,1.1,-17.6,-0.3,-35.4,0.6,-41.9,1.6,762.537
-1.3,41.6,0.6,-6.1,1.6,-46.2,1.1,-17.6,-0.3,-35.4,0.6,-41.9,1.6,762.547
-1.1,41.6,0.6,-6.1,1.6,-46.2,1.1,-17.6,-0.3,-35.4,0.6,-41.9,1.6,762.557
-1.1,43.7,0.6,-6.1,1.6,-46.2,1.1,-17.6,-0.5,-35.4,0.6,-41.9,1.6,762.567
-1.1,43.7,0.6,-6.1,1.6,-46.2,1.1,-17.6,-0.5,-35.4,0.6,-41.9,1.6,762.577
-1.1,43.7,0.6,-6.1,1.6,-46.2,1.1,-17.6,-0.5,-35.4,0.6,-41.9,1.6,762.587
-1.1,43.7,0.6,-6.1,1.6,-46.2,1.1,-17.6,-0.5,-35.4,0.6,-41.9,1.6,762.597
-1.1,43.7,0.6,-1.9,1.6,-46.4,0.8,-23.3,-0.5,-33.1,0.4,-44.9,1.6,762.608
-1.1,43.7,0.6,-1.9,1.6,-46.4,0.8,-23.3,-0.5,-33.1,0.4,-44.9,1.6,762.617
-1.1,43.7,0.4,-1.9,1.6,-46.4,0.8,-23.3,-0.5,-33.1,0.4,-44.9,1.2,762.627
-1.1,43.7,0.4,-1.9,1.6,-46.4,0.8,-23.3,-0.5,-33.1,0.4,-44.9,1.2,762.637
-1.1,43.7,0.4,-1.9,1.6,-46.4,0.8,-23.3,-0.5,-33.1,0.4,-44.9,1.2,762.647
-0.7,45.5,0.4,-1.9,1.6,-46.4,0.8,-23.3,-0.5,-33.1,0.4,-44.9,1.2,762.657
-0.7,45.5,0.4,-1.9,1.6,-46.4,0.8,-23.3,-0.5,-33.1,0.4,-44.9,1.2,762.667
-0.7,45.5,0.4,-1.9,1.6,-46.4,0.8,-23.3,-0.7,-33.1,0.4,-44.9,1.2,762.677
-0.7,45.5,0.4,-1.9,1.6,-46.4,0.8,-23.3,-0.7,-30.1,0.4,-44.9,1.2,762.687
-0.7,45.5,0.4,-1.9,1.6,-46.4,0.8,-23.3,-0.7,-30.1,0.4,-44.9,1.2,762.697
-0.7,45.5,0.4,-1.9,1.6,-46.4,0.8,-23.3,-0.7,-30.1,0.4,-44.9,1.2,762.707
-0.7,45.5,0.4,2.8,1.6,-46.2,0.8,-28.1,-0.7,-30.1,0.4,-47.1,0.8,762.717
-0.7,45.5,0.4,2.8,1.6,-46.2,0.8,-28.1,-0.7,-30.1,0.4,-47.1,0.8,762.727
-0.7,45.5,0.4,2.8,1.6,-46.2,0.8,-28.1,-0.7,-30.1,0.4,-47.1,0.8,762.737
-0.7,45.5,0.4,2.8,1.6,-46.2,0.8,-28.1,-0.7,-30.1,0.4,-47.1,0.8,762.747
-0.7,47.6,0.4,2.8,1.6,-46.2,0.8,-28.1,-0.7,-30.1,0.4,-47.1,0.8,762.757
-0.7,47.6,0.4,2.8,1.6,-46.2,0.8,-28.1,-0.7,-30.1,0.4,-47.1,0.8,762.767
-0.7,47.6,0.4,2.8,1.6,-46.2,0.8,-28.1,-0.7,-30.1,0.4,-47.1,0.8,762.777
-0.7,47.6,0.4,2.8,1.6,-46.2,0.8,-28.1,-0.7,-30.1,0.4,-47.1,0.8,762.787
-0.7,47.6,0.4,6.8,1.6,-44.8,0.8,-32.2,-0.7,-26,0.4,-49.1,0.8,762.797
-0.7,47.6,0.4,6.8,1.6,-44.8,0.8,-32.2,-0.7,-26,0.4,-49.1,0.8,762.807
-0.7,47.6,0.4,6.8,1.6,-44.8,0.8,-32.2,-0.7,-26,0.4,-49.1,0.6,762.817
-0.7,47.6,0.4,6.8,1.6,-44.8,0.8,-32.2,-0.7,-26,0.4,-49.1,0.6,762.827
-0.7,47.6,0.4,6.8,1.6,-44.8,0.8,-32.2,-0.7,-26,0.4,-49.1,0.6,762.837
-0.9,48.6,0.4,6.8,1.6,-44.8,0.8,-32.2,-0.7,-26,0.4,-49.1,0.6,762.847
-0.9,48.6,0.4,6.8,1.6,-44.8,0.8,-32.2,-0.7,-26,0.4,-49.1,0.6,762.857
-0.9,48.6,0.4,6.8,1.6,-44.8,0.8,-32.2,-0.7,-26,0.4,-49.1,0.6,762.867
-0.9,48.6,0.4,6.8,1.6,-44.8,0.6,-32.2,-0.7,-21.7,0.4,-49.1,0.6,762.877
-0.9,48.6,0.4,6.8,1.6,-44.8,0.6,-32.2,-0.7,-21.7,0.4,-49.1,0.6,762.887
-0.9,48.6,0.4,6.8,1.6,-44.8,0.6,-32.2,-0.7,-21.7,0.4,-49.1,0.6,762.897
-0.9,48.6,0.4,11.1,1.6,-43.2,0.6,-36.6,-0.7,-21.7,0.4,-49.7,0.6,762.907
-0.9,48.6,0.4,11.1,1.6,-43.2,0.6,-36.6,-0.7,-21.7,0.4,-49.7,0.6,762.918
-0.5,48.6,0.4,11.1,1.6,-43.2,0.6,-36.6,-0.7,-21.7,0.4,-49.7,0.6,762.927
-0.5,48.6,0.4,11.1,1.6,-43.2,0.6,-36.6,-0.7,-21.7,0.4,-49.7,0.6,762.938
-0.5,49.1,0.4,11.1,1.6,-43.2,0.6,-36.6,-0.7,-21.7,0.4,-49.7,0.6,762.947
-0.5,49.1,0.4,11.1,1.6,-43.2,0.6,-36.6,-0.7,-21.7,0.4,-49.7,0.6,762.957
-0.5,49.1,0.4,11.1,1.6,-43.2,0.6,-36.6,-0.7,-21.7,0.4,-49.7,0.6,762.967
-0.5,49.1,0.4,11.1,1.6,-43.2,0.6,-36.6,-0.7,-21.7,0.4,-49.7,0.6,762.977
-0.5,49.1,0.4,15.1,1.6,-40.6,0.6,-40,-0.7,-17.4,0.4,-49.5,0.6,762.987
-0.5,49.1,0.4,15.1,1.6,-40.6,0.6,-40,-0.7,-17.4,0.4,-49.5,0.6,762.997
-0.5,49.1,0.4,15.1,1.6,-40.6,0.6,-40,-0.7,-17.4,0.4,-49.5,0.4,763.007
-0.5,49.1,0.4,15.1,1.6,-40.6,0.6,-40,-0.7,-17.4,0.4,-49.5,0.4,763.017
-0.5,49.1,0.4,15.1,1.6,-40.6,0.6,-40,-0.7,-17.4,0.4,-49.5,0.4,763.027
-0.5,48.9,0.4,15.1,1.6,-40.6,0.6,-40,-0.7,-17.4,0.4,-49.5,0.4,763.037
-0.5,48.9,0.4,15.1,1.6,-40.6,0.6,-40,-0.9,-17.4,0.4,-49.5,0.4,763.048
-0.5,48.9,0.4,15.1,1.6,-40.6,0.6,-40,-0.9,-17.4,0.4,-49.5,0.4,763.057
-0.5,48.9,0.4,15.1,1.6,-40.6,0.6,-40,-0.9,-12.3,0.4,-49.5,0.4,763.067
-0.5,48.9,0.4,15.1,1.6,-40.6,0.6,-40,-0.9,-12.3,0.4,-49.5,0.4,763.077
-0.5,48.9,0.4,19.5,1.6,-38.6,0.6,-43.3,-0.9,-12.3,0.4,-49.1,0.4,763.087
-0.5,48.9,0.4,19.5,1.4,-38.6,0.6,-43.3,-0.9,-12.3,0.4,-49.1,0.4,763.097
-0.5,48.9,0.4,19.5,1.4,-38.6,0.6,-43.3,-0.9,-12.3,0.4,-49.1,0.4,763.107
-0.7,48.9,0.4,19.5,1.4,-38.6,0.6,-43.3,-0.9,-12.3,0.4,-49.1,0.4,763.117
-0.7,48.9,0.4,19.5,1.4,-38.6,0.6,-43.3,-0.9,-12.3,0.4,-49.1,0.4,763.127
-0.7,49.1,0.4,19.5,1.4,-38.6,0.6,-43.3,-0.9,-12.3,0.4,-49.1,0.4,763.137
-0.7,49.1,0.4,19.5,1.4,-38.6,0.6,-43.3,-0.9,-12.3,0.4,-49.1,0.4,763.147
-0.7,49.1,0.4,19.5,1.4,-38.6,0.6,-43.3,-0.9,-12.3,0.4,-49.1,0.4,763.157
-0.7,49.1,0.4,19.5,1.4,-38.6,0.6,-43.3,-0.9,-12.3,0.4,-49.1,0.4,763.167
-0.7,49.1,0.4,24.6,1.4,-35.4,0.6,-46.1,-0.9,-7,0.6,-47.7,0.4,763.177
-0.7,49.1,0.4,24.6,1.4,-35.4,0.6,-46.1,-0.9,-7,0.6,-47.7,0.6,763.188
-0.7,49.1,0.4,24.6,1.4,-35.4,0.6,-46.1,-0.9,-7,0.6,-47.7,0.6,763.197
-0.7,49.1,0.4,24.6,1.4,-35.4,0.6,-46.1,-0.9,-7,0.6,-47.7,0.6,763.207
-0.7,48,0.4,24.6,1.4,-35.4,0.6,-46.1,-0.9,-7,0.6,-47.7,0.6,763.217
-0.7,48,0.4,24.6,1.4,-35.4,0.6,-46.1,-0.9,-7,0.6,-47.7,0.6,763.227
-0.7,48,0.4,24.6,1.4,-35.4,0.6,-46.1,-1.1,-7,0.6,-47.7,0.6,763.238
-0.7,48,0.4,24.6,1.4,-35.4,0.6,-46.1,-1.1,-7,0.6,-47.7,0.6,763.247
-0.7,48,0.4,24.6,1.4,-35.4,0.8,-46.1,-1.1,-7,0.6,-47.7,0.6,763.257
-0.7,48,0.4,29.1,1.4,-31.7,0.8,-48.5,-1.1,-1.5,0.6,-46.3,0.6,763.267
-0.7,48,0.6,29.1,1.4,-31.7,0.8,-48.5,-1.1,-1.5,0.6,-46.3,0.4,763.277
-0.7,48,0.6,29.1,1.4,-31.7,0.8,-48.5,-1.1,-1.5,0.6,-46.3,0.4,763.287
-0.7,48,0.6,29.1,1.4,-31.7,0.8,-48.5,-1.1,-1.5,0.6,-46.3,0.4,763.298
-0.7,48,0.6,29.1,1.4,-31.7,0.8,-48.5,-1.1,-1.5,0.6,-46.3,0.4,763.307
-0.7,46.9,0.6,29.1,1.4,-31.7,0.8,-48.5,-1.1,-1.5,0.6,-46.3,0.4,763.317
-0.7,46.9,0.6,29.1,1.4,-31.7,0.8,-48.5,-1.1,-1.5,0.6,-46.3,0.4,763.327
-0.7,46.9,0.6,29.1,1.4,-31.7,0.8,-48.5,-1.1,-1.5,0.6,-46.3,0.4,763.337
-0.7,46.9,0.6,29.1,1.4,-28.1,0.8,-48.5,-1.1,3.6,0.6,-46.3,0.4,763.347
-0.7,46.9,0.6,33.1,1.4,-28.1,0.8,-49.9,-1.1,3.6,0.6,-44.1,0.4,763.357
-0.7,46.9,0.6,33.1,1.4,-28.1,0.8,-49.9,-1.1,3.6,0.6,-44.1,0.4,763.367
-0.7,46.9,0.6,33.1,1.4,-28.1,0.8,-49.9,-1.1,3.6,0.6,-44.1,0.4,763.377
-0.7,46.9,0.6,33.1,1.4,-28.1,0.8,-49.9,-1.1,3.6,0.6,-44.1,0.4,763.387
-0.7,46.9,0.6,33.1,1.4,-28.1,0.8,-49.9,-1.1,3.6,0.6,-44.1,0.4,763.397
-0.5,44.8,0.6,33.1,1.4,-28.1,0.8,-49.9,-1.1,3.6,0.6,-44.1,0.4,763.407
-0.5,44.8,0.6,33.1,1.4,-28.1,0.8,-49.9,-1.1,3.6,0.6,-44.1,0.4,763.417
-0.5,44.8,0.6,33.1,1.4,-28.1,0.8,-49.9,-1.1,3.6,0.6,-44.1,0.4,763.427
-0.5,44.8,0.6,33.1,1.4,-28.1,0.8,-49.9,-1.1,3.6,0.6,-44.1,0.4,763.437
-0.5,44.8,0.6,33.1,1.4,-28.1,0.8,-49.9,-1.1,3.6,0.6,-44.1,0.4,763.448
-0.5,44.8,0.6,36.5,1.4,-23.9,0.8,-50.8,-1.1,9.4,0.8,-41.5,0.4,763.457
-0.5,44.8,0.4,36.5,1.4,-23.9,0.8,-50.8,-1.1,9.4,0.8,-41.5,0.4,763.467
-0.5,44.8,0.4,36.5,1.4,-23.9,0.8,-50.8,-1.1,9.4,0.8,-41.5,0.4,763.478
-0.5,44.8,0.4,36.5,1.4,-23.9,0.8,-50.8,-1.1,9.4,0.8,-41.5,0.4,763.487
-0.5,44.8,0.4,36.5,1.4,-23.9,0.8,-50.8,-1.1,9.4,0.8,-41.5,0.4,763.497
-0.5,42.9,0.4,36.5,1.4,-23.9,0.8,-50.8,-1.1,9.4,0.8,-41.5,0.4,763.508
-0.5,42.9,0.4,36.5,1.4,-23.9,0.8,-50.8,-1.1,9.4,0.8,-41.5,0.4,763.517
-0.5,42.9,0.4,36.5,1.4,-23.9,0.8,-50.8,-1.1,9.4,0.8,-41.5,0.4,763.527
-0.5,42.9,0.4,36.5,1.4,-20.5,0.8,-50.8,-1.1,14.3,0.8,-41.5,0.4,763.537
-0.5,42.9,0.4,40.1,1.4,-20.5,0.8,-51.4,-1.1,14.3,0.8,-38.6,0.4,763.548
-0.5,42.9,0.4,40.1,1.4,-20.5,0.8,-51.4,-1.1,14.3,0.8,-38.6,0.4,763.558
-0.5,42.9,0.4,40.1,1.4,-20.5,0.8,-51.4,-1.1,14.3,0.8,-38.6,0.6,763.567
-0.5,42.9,0.4,40.1,1.4,-20.5,0.8,-51.4,-1.1,14.3,0.8,-38.6,0.6,763.577
-0.5,42.9,0.4,40.1,1.4,-20.5,0.8,-51.4,-1.1,14.3,0.8,-38.6,0.6,763.587
-0.7,40.1,0.4,40.1,1.4,-20.5,0.8,-51.4,-1.1,14.3,0.8,-38.6,0.6,763.597
-0.7,40.1,0.4,40.1,1.4,-20.5,0.8,-51.4,-1.1,14.3,0.8,-38.6,0.6,763.607
-0.7,40.1,0.4,40.1,1.4,-20.5,1.1,-51.4,-1.1,14.3,0.8,-38.6,0.6,763.617
-0.7,40.1,0.4,40.1,1.4,-20.5,1.1,-51.4,-1.1,14.3,0.8,-38.6,0.6,763.627
-0.7,40.1,0.4,40.1,1.4,-20.5,1.1,-51.4,-1.1,14.3,0.8,-38.6,0.6,763.637
-0.7,40.1,0.4,43.1,1.4,-15.5,1.1,-51.4,-1.1,20.3,1,-35,0.6,763.647
-0.7,40.1,0.4,43.1,1.4,-15.5,1.1,-51.4,-1.1,20.3,1,-35,0.6,763.657
-0.7,40.1,0.4,43.1,1.4,-15.5,1.1,-51.4,-1.1,20.3,1,-35,0.6,763.667
-0.7,40.1,0.4,43.1,1.4,-15.5,1.1,-51.4,-1.1,20.3,1,-35,0.6,763.677
-0.7,36.9,0.4,43.1,1.4,-15.5,1.1,-51.4,-1.1,20.3,1,-35,0.6,763.687
-0.7,36.9,0.4,43.1,1.4,-15.5,1.1,-51.4,-1.1,20.3,1,-35,0.6,763.697
-0.7,36.9,0.4,43.1,1.4,-15.5,1.1,-51.4,-1.1,20.3,1,-35,0.6,763.707
-0.7,36.9,0.4,43.1,1.4,-15.5,1.1,-51.4,-1.1,20.3,1,-35,0.6,763.717
-0.7,36.9,0.4,43.1,1.4,-11.5,0.8,-51.4,-1.1,24.5,1,-35,0.6,763.727
-0.7,36.9,0.4,45.6,1.4,-11.5,0.8,-51.2,-1.1,24.5,1,-30.8,0.6,763.737
-0.7,36.9,0.4,45.6,1.4,-11.5,0.8,-51.2,-1.1,24.5,1,-30.8,0.6,763.747
-0.7,36.9,0.6,45.6,1.4,-11.5,0.8,-51.2,-1.1,24.5,1,-30.8,0.4,763.757
-0.7,36.9,0.6,45.6,1.4,-11.5,0.8,-51.2,-1.1,24.5,1,-30.8,0.4,763.767
-0.5,33.3,0.6,45.6,1.4,-11.5,0.8,-51.2,-1.1,24.5,1,-30.8,0.4,763.777
-0.5,33.3,0.6,45.6,1.4,-11.5,0.8,-51.2,-1.1,24.5,1,-30.8,0.4,763.787
-0.5,33.3,0.6,45.6,1.4,-11.5,0.8,-51.2,-1.1,24.5,1,-30.8,0.4,763.797
-0.5,33.3,0.6,45.6,1.4,-11.5,1.1,-51.2,-1.1,30.1,1,-30.8,0.4,763.807
-0.5,33.3,0.6,45.6,1.4,-11.5,1.1,-51.2,-1.1,30.1,1,-30.8,0.4,763.817
-0.5,33.3,0.6,45.6,1.4,-11.5,1.1,-51.2,-1.1,30.1,1,-30.8,0.4,763.828
-0.5,33.3,0.6,47.5,1.4,-6.3,1.1,-50.7,-1.1,30.1,1.2,-26.3,0.4,763.837
-0.5,33.3,0.6,47.5,1.4,-6.3,1.1,-50.7,-1.1,30.1,1.2,-26.3,0.4,763.847
-0.5,33.3,0.6,47.5,1.2,-6.3,1.1,-50.7,-1.1,30.1,1.2,-26.3,0.4,763.857
-0.5,33.3,0.6,47.5,1.2,-6.3,1.1,-50.7,-1.1,30.1,1.2,-26.3,0.4,763.867
-0.5,29.9,0.6,47.5,1.2,-6.3,1.1,-50.7,-1.1,30.1,1.2,-26.3,0.4,763.877
-0.5,29.9,0.6,47.5,1.2,-6.3,1.1,-50.7,-1.1,30.1,1.2,-26.3,0.4,763.887
-0.5,29.9,0.6,47.5,1.2,-6.3,1.1,-50.7,-1.1,30.1,1.2,-26.3,0.4,763.897
-0.5,29.9,0.6,47.5,1.2,-6.3,1.1,-50.7,-1.1,30.1,1.2,-26.3,0.4,763.907
-0.5,29.9,0.6,47.5,1.2,-6.3,1.1,-50.7,-1.1,30.1,1.2,-26.3,0.4,763.917
-0.5,29.9,0.6,48.8,1.2,-1.9,1.1,-49.5,-1.1,33.9,1.2,-21.7,0.4,763.927
-0.5,29.9,0.6,48.8,1.2,-1.9,1.1,-49.5,-1.1,33.9,1.2,-21.7,0.4,763.937
-0.5,29.9,0.6,48.8,1.2,-1.9,1.1,-49.5,-1.1,33.9,1.2,-21.7,0.4,763.947
-0.5,29.9,0.6,48.8,1.2,-1.9,1.1,-49.5,-1.1,33.9,1.2,-21.7,0.4,763.957
-0.7,25.6,0.6,48.8,1.2,-1.9,1.1,-49.5,-1.1,33.9,1.2,-21.7,0.4,763.967
-0.7,25.6,0.6,48.8,1.2,-1.9,1.1,-49.5,-1.1,33.9,1.2,-21.7,0.4,763.977
-0.7,25.6,0.6,48.8,1.2,-1.9,1.1,-49.5,-1.1,33.9,1.2,-21.7,0.4,763.987
-0.7,25.6,0.6,48.8,1.2,-1.9,1.1,-49.5,-1.1,38.8,1.2,-21.7,0.4,763.997
-0.7,25.6,0.6,48.8,1.2,-1.9,1.1,-49.5,-1.1,38.8,1.2,-21.7,0.4,764.007
-0.7,25.6,0.6,49.9,1.2,3.6,1.1,-48.5,-1.1,38.8,1.2,-21.7,0.4,764.017
-0.7,25.6,0.6,49.9,1.2,3.6,1.1,-48.5,-1.1,38.8,1.2,-17.4,0.4,764.027
-0.7,25.6,0.6,49.9,1.2,3.6,1.1,-48.5,-1.1,38.8,1.2,-17.4,0.4,764.037
-0.7,25.6,0.6,49.9,1.4,3.6,1.1,-48.5,-1.1,38.8,1.2,-17.4,0.4,764.047
-0.7,25.6,0.6,49.9,1.4,3.6,1.1,-48.5,-1.1,38.8,1.2,-17.4,0.4,764.057
-0.5,22,0.6,49.9,1.4,3.6,1.1,-48.5,-1.1,38.8,1.2,-17.4,0.4,764.067
-0.5,22,0.6,49.9,1.4,3.6,1.1,-48.5,-0.9,38.8,1.2,-17.4,0.4,764.077
-0.5,22,0.6,49.9,1.4,3.6,1.1,-48.5,-0.9,38.8,1.2,-17.4,0.4,764.087
-0.5,22,0.6,49.9,1.4,3.6,1.1,-48.5,-0.9,38.8,1.2,-17.4,0.4,764.097
-0.5,22,0.6,50.7,1.4,7.3,1.1,-46.7,-0.9,42.7,1.2,-12,0.4,764.107
-0.5,22,0.6,50.7,1.4,7.3,1.1,-46.7,-0.9,42.7,1.2,-12,0.4,764.117
-0.5,22,0.6,50.7,1.4,7.3,1.1,-46.7,-0.9,42.7,1.2,-12,0.4,764.127
-0.5,22,0.6,50.7,1.2,7.3,1.1,-46.7,-0.9,42.7,1.2,-12,0.4,764.138
-0.5,22,0.6,50.7,1.2,7.3,1.1,-46.7,-0.9,42.7,1.2,-12,0.4,764.147
-0.5,16.7,0.6,50.7,1.2,7.3,1.1,-46.7,-0.9,42.7,1.2,-12,0.4,764.158
-0.5,16.7,0.6,50.7,1.2,7.3,1.1,-46.7,-0.9,42.7,1.2,-12,0.4,764.167
-0.5,16.7,0.6,50.7,1.2,7.3,1.1,-46.7,-0.9,42.7,1.2,-12,0.4,764.177
-0.5,16.7,0.6,50.7,1.2,7.3,1.1,-46.7,-0.9,42.7,1.2,-12,0.4,764.187
-0.5,16.7,0.6,50.7,1.2,7.3,1.1,-46.7,-0.9,42.7,1.2,-12,0.4,764.197
-0.5,16.7,0.6,50.7,1.2,12.3,1.1,-44.7,-0.9,45.9,1.2,-8.1,0.4,764.207
-0.5,16.7,0.6,50.7,1.2,12.3,1.1,-44.7,-0.9,45.9,1.2,-8.1,0.4,764.217
-0.7,16.7,0.6,50.7,1.2,12.3,1.1,-44.7,-0.9,45.9,1.2,-8.1,0.4,764.227
-0.7,16.7,0.6,50.7,1.2,12.3,1.1,-44.7,-0.9,45.9,1.2,-8.1,0.4,764.237
-0.7,13.2,0.6,50.7,1.2,12.3,1.1,-44.7,-0.9,45.9,1.2,-8.1,0.4,764.247
-0.7,13.2,0.6,50.7,1.2,12.3,1.1,-44.7,-0.9,45.9,1.2,-8.1,0.4,764.258
-0.7,13.2,0.6,50.7,1.2,12.3,1.1,-44.7,-0.9,45.9,1.2,-8.1,0.4,764.267
-0.7,13.2,0.6,50.7,1.2,17.5,1.1,-44.7,-0.9,48.6,1.2,-8.1,0.4,764.277
-0.7,13.2,0.6,50.7,1.2,17.5,1.1,-44.7,-0.9,48.6,1.2,-8.1,0.4,764.287
-0.7,13.2,0.6,50.7,1.2,17.5,1.1,-42.3,-0.9,48.6,1,-2.3,0.4,764.297
-0.7,13.2,0.6,50.7,1.2,17.5,1.1,-42.3,-0.9,48.6,1,-2.3,0.4,764.307
-0.7,13.2,0.6,50.7,1.2,17.5,1.1,-42.3,-0.9,48.6,1,-2.3,0.4,764.317
-0.7,13.2,0.6,50.7,1,17.5,1.1,-42.3,-0.9,48.6,1,-2.3,0.4,764.327
-0.7,13.2,0.6,50.7,1,17.5,1.1,-42.3,-0.9,48.6,1,-2.3,0.4,764.337
-0.7,8.1,0.6,50.7,1,17.5,1.1,-42.3,-0.9,48.6,1,-2.3,0.4,764.347
-0.7,8.1,0.6,50.7,1,17.5,1.1,-42.3,-0.7,48.6,1,-2.3,0.4,764.357
-0.7,8.1,0.6,50.7,1,17.5,1.1,-42.3,-0.7,48.6,1,-2.3,0.4,764.367
-0.7,8.1,0.6,50.7,1,17.5,1.1,-42.3,-0.7,51.2,1,-2.3,0.4,764.377
-0.7,8.1,0.6,49.9,1,21.9,1.1,-38.4,-0.7,51.2,1,-2.3,0.4,764.387
-0.7,8.1,0.6,49.9,1,21.9,1.1,-38.4,-0.7,51.2,1,-2.3,0.4,764.397
-0.7,8.1,0.4,49.9,1,21.9,1.1,-38.4,-0.7,51.2,1,2.4,0.4,764.407
-0.7,8.1,0.4,49.9,1,21.9,1.1,-38.4,-0.7,51.2,1,2.4,0.4,764.417
-0.7,4.3,0.4,49.9,1.2,21.9,1.1,-38.4,-0.7,51.2,1,2.4,0.4,764.427
-0.7,4.3,0.4,49.9,1.2,21.9,1.1,-38.4,-0.7,51.2,1,2.4,0.4,764.437
-0.7,4.3,0.4,49.9,1.2,21.9,1.1,-38.4,-0.9,51.2,1,2.4,0.4,764.447
-0.7,4.3,0.4,49.9,1.2,21.9,1.1,-38.4,-0.9,51.2,1,2.4,0.4,764.457
-0.7,4.3,0.4,49.9,1.2,21.9,1.1,-38.4,-0.9,51.2,1,2.4,0.4,764.467
-0.7,4.3,0.4,49.9,1.2,21.9,1.1,-38.4,-0.9,51.2,1,2.4,0.4,764.477
-0.7,4.3,0.4,48.8,1.2,26.3,1.1,-35.2,-0.9,52.5,1,6.7,0.4,764.487
-0.7,4.3,0.6,48.8,1.2,26.3,1.1,-35.2,-0.9,52.5,1,6.7,0.4,764.497
-0.7,4.3,0.6,48.8,1.2,26.3,1.1,-35.2,-0.9,52.5,1,6.7,0.4,764.507
-0.5,4.3,0.6,48.8,1.2,26.3,1.1,-35.2,-0.9,52.5,1,6.7,0.4,764.517
-0.5,-2.5,0.6,48.8,1.2,26.3,1.1,-35.2,-0.9,52.5,1,6.7,0.4,764.527
-0.5,-2.5,0.6,48.8,1.2,26.3,1.1,-35.2,-0.9,52.5,1,6.7,0.4,764.537
-0.5,-2.5,0.6,48.8,1.2,26.3,1.1,-35.2,-0.7,52.5,1,6.7,0.4,764.547
-0.5,-2.5,0.6,48.8,1.2,26.3,1.1,-35.2,-0.7,52.5,1,6.7,0.4,764.558
-0.5,-2.5,0.6,48.8,1.2,26.3,1.1,-35.2,-0.7,53.8,1,6.7,0.4,764.567
-0.5,-2.5,0.6,46.5,1.2,30.5,1.1,-29.7,-0.7,53.8,1,6.7,0.4,764.578
-0.5,-2.5,0.6,46.5,1.2,30.5,1.1,-29.7,-0.7,53.8,1,6.7,0.4,764.587
-0.5,-2.5,0.6,46.5,1.2,30.5,1.1,-29.7,-0.7,53.8,1,11.6,0.4,764.597
-0.5,-2.5,0.6,46.5,1.2,30.5,1.1,-29.7,-0.7,53.8,1,11.6,0.4,764.607
-0.5,-2.5,0.6,46.5,1.2,30.5,1.1,-29.7,-0.7,53.8,1,11.6,0.4,764.617
-0.7,-6.1,0.6,46.5,1.2,30.5,1.1,-29.7,-0.7,53.8,1,11.6,0.4,764.627
-0.7,-6.1,0.6,46.5,1.2,30.5,1.1,-29.7,-0.7,53.8,1,11.6,0.4,764.638
-0.7,-6.1,0.6,46.5,1.2,30.5,1.1,-29.7,-0.7,53.8,1,11.6,0.4,764.647
-0.7,-6.1,0.6,46.5,1.2,30.5,1.1,-29.7,-0.7,53.8,1,11.6,0.4,764.657
-0.7,-6.1,0.6,46.5,1.2,30.5,1.1,-29.7,-0.7,53.8,1,11.6,0.4,764.667
-0.7,-6.1,0.6,44.4,1.2,34.2,1.1,-24.9,-0.7,54.4,1,16.6,0.4,764.677
-0.7,-6.1,0.6,44.4,1.2,34.2,1.1,-24.9,-0.7,54.4,1,16.6,0.6,764.687
-0.7,-6.1,0.6,44.4,1.2,34.2,1.1,-24.9,-0.7,54.4,1,16.6,0.6,764.697
-0.7,-6.1,0.6,44.4,1.2,34.2,1.1,-24.9,-0.7,54.4,1,16.6,0.6,764.707
-0.7,-12.4,0.6,44.4,1.2,34.2,1.1,-24.9,-0.7,54.4,1,16.6,0.6,764.717
-0.7,-12.4,0.6,44.4,1.2,34.2,1.1,-24.9,-0.7,54.4,1,16.6,0.6,764.727
-0.7,-12.4,0.6,44.4,1.2,34.2,1.1,-24.9,-0.7,54.4,1,16.6,0.6,764.738
-0.7,-12.4,0.6,44.4,1.2,34.2,1.1,-24.9,-0.7,54.4,1,16.6,0.6,764.747
-0.7,-12.4,0.6,44.4,1.2,34.2,1.1,-24.9,-0.7,55,1,16.6,0.6,764.757
-0.7,-12.4,0.6,41.4,1.2,37.8,1.1,-19.6,-0.7,55,1,16.6,0.6,764.767
-0.7,-12.4,0.6,41.4,1.2,37.8,1.1,-19.6,-0.7,55,1,16.6,0.6,764.777
-0.7,-12.4,0.6,41.4,1.2,37.8,1.1,-19.6,-0.7,55,1,21.2,0.6,764.787
-0.7,-12.4,0.6,41.4,1.2,37.8,1.1,-19.6,-0.7,55,1,21.2,0.6,764.797
-0.5,-16.4,0.6,41.4,1.2,37.8,1.1,-19.6,-0.7,55,1,21.2,0.6,764.807
-0.5,-16.4,0.6,41.4,1.2,37.8,1.1,-19.6,-0.7,55,1,21.2,0.6,764.817
-0.5,-16.4,0.6,41.4,1.2,37.8,1.1,-19.6,-0.7,55,1,21.2,0.6,764.827
-0.5,-16.4,0.6,41.4,1.2,37.8,1.1,-19.6,-0.7,55,1,21.2,0.6,764.837
-0.5,-16.4,0.6,41.4,1.2,37.8,1.1,-19.6,-0.7,55,1,21.2,0.6,764.847
-0.5,-16.4,0.6,38.4,1.2,40.9,1.1,-14.4,-0.7,54.8,0.8,26,0.6,764.857
-0.5,-16.4,0.6,38.4,1.2,40.9,1.1,-14.4,-0.7,54.8,0.8,26,0.6,764.867
-0.5,-16.4,0.6,38.4,1.2,40.9,1.1,-14.4,-0.7,54.8,0.8,26,0.4,764.877
-0.5,-16.4,0.6,38.4,1.2,40.9,1.1,-14.4,-0.7,54.8,0.8,26,0.4,764.887
-0.5,-16.4,0.6,38.4,1.2,40.9,1.1,-14.4,-0.7,54.8,0.8,26,0.4,764.897
-0.5,-21.5,0.6,38.4,1.2,40.9,1.1,-14.4,-0.7,54.8,0.8,26,0.4,764.907
-0.5,-21.5,0.6,38.4,1.2,40.9,1.1,-14.4,-0.7,54.8,0.8,26,0.4,764.917
-0.5,-21.5,0.6,38.4,1.2,40.9,1.1,-14.4,-0.7,54.8,0.8,26,0.4,764.927
-0.5,-21.5,0.6,38.4,1.2,40.9,1.1,-14.4,-0.7,54.2,0.8,26,0.4,764.937
-0.5,-21.5,0.6,38.4,1.2,40.9,1.1,-14.4,-0.7,54.2,0.8,26,0.4,764.947
-0.5,-21.5,0.6,34.6,1.2,43.2,1.1,-8.9,-0.7,54.2,0.8,26,0.4,764.957
-0.5,-21.5,0.6,34.6,1.2,43.2,1.1,-8.9,-0.7,54.2,0.8,30,0.4,764.967
-0.5,-21.5,0.6,34.6,1.2,43.2,1.1,-8.9,-0.7,54.2,0.8,30,0.4,764.977
-0.5,-21.5,0.6,34.6,1.2,43.2,1.1,-8.9,-0.7,54.2,0.8,30,0.4,764.987
-0.7,-24.5,0.6,34.6,1.2,43.2,1.1,-8.9,-0.7,54.2,0.8,30,0.4,764.998
-0.7,-24.5,0.6,34.6,1.2,43.2,1.1,-8.9,-0.7,54.2,0.8,30,0.4,765.008
-0.7,-24.5,0.6,34.6,1.2,43.2,1.1,-8.9,-0.7,54.2,0.8,30,0.4,765.017
-0.7,-24.5,0.6,34.6,1.2,43.2,1.1,-8.9,-0.7,54.2,0.8,30,0.4,765.027
-0.7,-24.5,0.6,34.6,1.2,43.2,1.1,-8.9,-0.7,54.2,0.8,30,0.4,765.037
-0.7,-24.5,0.6,31,1.2,45.5,1.1,-4.5,-0.7,52.9,0.8,33,0.4,765.047
-0.7,-24.5,0.6,31,1.2,45.5,1.1,-4.5,-0.7,52.9,0.8,33,0.4,765.057
-0.7,-24.5,0.6,31,1.2,45.5,1.1,-4.5,-0.7,52.9,0.8,33,0.4,765.067
-0.7,-24.5,0.6,31,1.2,45.5,1.1,-4.5,-0.7,52.9,0.8,33,0.4,765.077
-0.7,-24.5,0.6,31,1.2,45.5,1.1,-4.5,-0.7,52.9,0.8,33,0.4,765.087
-0.7,-29.7,0.6,31,1.2,45.5,1.1,-4.5,-0.7,52.9,0.8,33,0.4,765.097
-0.7,-29.7,0.6,31,1.2,45.5,1.1,-4.5,-0.7,52.9,0.8,33,0.4,765.107
-0.7,-29.7,0.6,31,1.2,45.5,1.1,-4.5,-0.7,52.9,0.8,33,0.4,765.118
-0.7,-29.7,0.6,31,1.2,45.5,0.8,-4.5,-0.7,51,0.8,33,0.4,765.127
-0.7,-29.7,0.6,31,1.2,45.5,0.8,-4.5,-0.7,51,0.8,33,0.4,765.137
-0.7,-29.7,0.6,26.3,1.2,47,0.8,1.2,-0.7,51,0.8,36.3,0.4,765.147
-0.7,-29.7,0.6,26.3,1.2,47,0.8,1.2,-0.7,51,0.8,36.3,0.4,765.157
-0.7,-29.7,0.6,26.3,1.2,47,0.8,1.2,-0.7,51,0.8,36.3,0.4,765.167
-0.7,-29.7,0.6,26.3,1.2,47,0.8,1.2,-0.7,51,0.8,36.3,0.4,765.177
-0.5,-33.1,0.6,26.3,1.2,47,0.8,1.2,-0.7,51,0.8,36.3,0.4,765.187
-0.5,-33.1,0.6,26.3,1.2,47,0.8,1.2,-0.7,51,0.8,36.3,0.4,765.197
-0.5,-33.1,0.6,26.3,1.2,47,0.8,1.2,-0.7,51,0.8,36.3,0.4,765.207
-0.5,-33.1,0.6,26.3,1.2,47,0.8,1.2,-0.7,51,0.8,36.3,0.4,765.217
-0.5,-33.1,0.6,26.3,1.2,47,0.8,1.2,-0.7,51,0.8,36.3,0.4,765.227
-0.5,-33.1,0.6,22.3,1.2,48.2,0.8,5.8,-0.7,48.6,0.8,39.6,0.4,765.237
-0.5,-33.1,0.6,22.3,1.2,48.2,0.8,5.8,-0.7,48.6,0.8,39.6,0.4,765.247
-0.5,-33.1,0.6,22.3,1.2,48.2,0.8,5.8,-0.7,48.6,0.8,39.6,0.4,765.257
-0.5,-33.1,0.6,22.3,1.2,48.2,0.8,5.8,-0.7,48.6,0.8,39.6,0.4,765.267
-0.5,-33.1,0.6,22.3,1.2,48.2,0.8,5.8,-0.7,48.6,0.8,39.6,0.4,765.277
-0.5,-37,0.6,22.3,1.2,48.2,0.8,5.8,-0.7,48.6,0.8,39.6,0.4,765.287
-0.5,-37,0.6,22.3,1.2,48.2,0.8,5.8,-0.7,48.6,0.8,39.6,0.4,765.298
-0.5,-37,0.6,22.3,1.2,48.2,0.8,5.8,-0.7,48.6,0.8,39.6,0.4,765.307
-0.5,-37,0.6,22.3,1.2,48.2,0.8,5.8,-0.7,45.7,0.8,39.6,0.4,765.317
-0.5,-37,0.6,22.3,1.2,48.2,0.8,5.8,-0.7,45.7,0.8,39.6,0.4,765.327
-0.5,-37,0.6,16.8,1.2,48.8,0.8,11.7,-0.7,45.7,0.8,39.6,0.4,765.337
-0.5,-37,0.6,16.8,1.2,48.8,0.8,11.7,-0.7,45.7,0.8,42.2,0.4,765.347
-0.5,-37,0.6,16.8,1.2,48.8,0.8,11.7,-0.7,45.7,0.8,42.2,0.4,765.357
-0.5,-37,0.6,16.8,1.4,48.8,0.8,11.7,-0.7,45.7,0.8,42.2,0.4,765.367
-0.5,-37,0.6,16.8,1.4,48.8,0.8,11.7,-0.7,45.7,0.8,42.2,0.4,765.377
-0.7,-39.2,0.6,16.8,1.4,48.8,0.8,11.7,-0.7,45.7,0.8,42.2,0.4,765.387
-0.7,-39.2,0.6,16.8,1.4,48.8,0.8,11.7,-0.7,45.7,0.8,42.2,0.4,765.397
-0.7,-39.2,0.6,16.8,1.4,48.8,0.8,11.7,-0.7,45.7,0.8,42.2,0.4,765.407
-0.7,-39.2,0.6,16.8,1.4,48.8,0.8,11.7,-0.7,45.7,0.8,42.2,0.4,765.417
-0.7,-39.2,0.6,16.8,1.4,48.8,0.8,11.7,-0.7,45.7,0.8,42.2,0.4,765.427
-0.7,-39.2,0.6,12.5,1.4,48.8,0.8,16.1,-0.7,42.5,0.8,44.9,0.4,765.437
-0.7,-39.2,0.6,12.5,1.4,48.8,0.8,16.1,-0.7,42.5,0.8,44.9,0.4,765.447
-0.7,-39.2,0.6,12.5,1.4,48.8,0.8,16.1,-0.7,42.5,0.8,44.9,0.4,765.457
-0.7,-39.2,0.6,12.5,1.4,48.8,0.8,16.1,-0.7,42.5,0.8,44.9,0.4,765.467
-0.7,-42.6,0.6,12.5,1.4,48.8,0.8,16.1,-0.7,42.5,0.8,44.9,0.4,765.477
-0.7,-42.6,0.6,12.5,1.4,48.8,0.8,16.1,-0.7,42.5,0.8,44.9,0.4,765.487
-0.7,-42.6,0.6,12.5,1.4,48.8,0.8,16.1,-0.7,42.5,0.8,44.9,0.4,765.497
-0.7,-42.6,0.6,12.5,1.4,48.8,0.8,16.1,-0.7,38.8,0.8,44.9,0.4,765.507
-0.7,-42.6,0.6,12.5,1.4,48.8,0.8,16.1,-0.7,38.8,0.8,44.9,0.4,765.517
-0.7,-42.6,0.6,7,1.4,48.4,0.8,21.1,-0.7,38.8,0.8,44.9,0.4,765.527
-0.7,-42.6,0.6,7,1.4,48.4,0.8,21.1,-0.7,38.8,0.8,46.4,0.6,765.537
-0.7,-42.6,0.6,7,1.4,48.4,0.8,21.1,-0.7,38.8,0.8,46.4,0.6,765.547
-0.7,-42.6,0.6,7,1.4,48.4,0.8,21.1,-0.7,38.8,0.8,46.4,0.6,765.557
-0.5,-44.2,0.6,7,1.4,48.4,0.8,21.1,-0.7,38.8,0.8,46.4,0.6,765.567
-0.5,-44.2,0.6,7,1.4,48.4,0.8,21.1,-0.7,38.8,0.8,46.4,0.6,765.577
-0.5,-44.2,0.6,7,1.4,48.4,0.8,21.1,-0.7,38.8,0.8,46.4,0.6,765.587
-0.5,-44.2,0.6,7,1.4,48.4,0.8,21.1,-0.7,38.8,0.8,46.4,0.6,765.597
-0.5,-44.2,0.6,7,1.4,48.4,0.8,21.1,-0.7,38.8,0.8,46.4,0.6,765.607
-0.5,-44.2,0.6,7,1.4,48.4,0.8,21.1,-0.7,38.8,0.8,46.4,0.6,765.618
-0.5,-44.2,0.6,2.4,1.4,47.4,0.8,25.3,-0.7,34.8,0.8,47.9,0.6,765.627
-0.5,-44.2,0.6,2.4,1.4,47.4,0.8,25.3,-0.7,34.8,0.8,47.9,0.4,765.637
-0.5,-44.2,0.6,2.4,1.4,47.4,0.8,25.3,-0.7,34.8,0.8,47.9,0.4,765.647
-0.5,-44.2,0.6,2.4,1.4,47.4,0.8,25.3,-0.7,34.8,0.8,47.9,0.4,765.657
-0.5,-44.2,0.6,2.4,1.4,47.4,0.8,25.3,-0.7,34.8,0.8,47.9,0.4,765.668
-0.5,-46,0.6,2.4,1.4,47.4,0.8,25.3,-0.7,34.8,0.8,47.9,0.4,765.677
-0.5,-46,0.6,2.4,1.4,47.4,0.8,25.3,-0.7,34.8,0.8,47.9,0.4,765.687
-0.5,-46,0.6,2.4,1.4,47.4,0.8,25.3,-0.7,34.8,0.8,47.9,0.4,765.697
-0.5,-46,0.6,2.4,1.4,47.4,0.8,25.3,-0.7,30.3,0.8,47.9,0.4,765.707
-0.5,-46,0.6,-2.9,1.4,46.1,0.8,29.7,-0.7,30.3,1,47.9,0.4,765.717
-0.5,-46,0.6,-2.9,1.4,46.1,0.8,29.7,-0.7,30.3,1,47.9,0.4,765.727
-0.5,-46,0.6,-2.9,1.4,46.1,0.8,29.7,-0.7,30.3,1,48.8,0.4,765.737
-0.5,-46,0.6,-2.9,1.4,46.1,0.8,29.7,-0.7,30.3,1,48.8,0.4,765.747
-0.7,-47.7,0.4,-2.9,1.6,46.1,0.8,29.7,-0.7,30.3,1,48.8,0.4,765.758
-0.7,-47.7,0.4,-2.9,1.6,46.1,0.8,29.7,-0.7,30.3,1,48.8,0.4,765.767
-0.7,-47.7,0.4,-2.9,1.6,46.1,0.8,29.7,-0.7,30.3,1,48.8,0.4,765.777
-0.7,-47.7,0.4,-2.9,1.6,46.1,0.8,29.7,-0.7,30.3,1,48.8,0.4,765.787
-0.7,-47.7,0.4,-2.9,1.6,46.1,0.8,29.7,-0.7,30.3,1,48.8,0.4,765.797
-0.7,-47.7,0.4,-2.9,1.6,46.1,0.8,29.7,-0.7,30.3,1,48.8,0.4,765.807
-0.7,-47.7,0.4,-7.7,1.6,44,0.8,33.5,-0.7,25.6,0.8,49.5,0.4,765.817
-0.7,-47.7,0.4,-7.7,1.6,44,0.8,33.5,-0.7,25.6,0.8,49.5,0.4,765.827
-0.7,-47.7,0.4,-7.7,1.6,44,0.8,33.5,-0.7,25.6,0.8,49.5,0.4,765.837
-0.7,-47.7,0.4,-7.7,1.6,44,0.8,33.5,-0.7,25.6,0.8,49.5,0.4,765.847
-0.7,-47.7,0.4,-7.7,1.6,44,0.8,33.5,-0.7,25.6,0.8,49.5,0.4,765.857
-0.7,-48.5,0.4,-7.7,1.6,44,0.8,33.5,-0.7,25.6,0.8,49.5,0.4,765.867
-0.7,-48.5,0.4,-7.7,1.6,44,0.8,33.5,-0.7,25.6,0.8,49.5,0.4,765.877
-0.7,-48.5,0.4,-7.7,1.6,44,0.8,33.5,-0.7,25.6,0.8,49.5,0.4,765.887
-0.7,-48.5,0.4,-7.7,1.6,44,0.8,33.5,-0.7,20.5,0.8,49.5,0.4,765.897
-0.7,-48.5,0.4,-12.9,1.6,41.7,0.8,37.1,-0.7,20.5,1,49.5,0.4,765.908
-0.7,-48.5,0.4,-12.9,1.6,41.7,0.8,37.1,-0.7,20.5,1,49.5,0.4,765.917
-0.7,-48.5,0.4,-12.9,1.6,41.7,0.8,37.1,-0.7,20.5,1,49.5,0.4,765.927
-0.7,-48.5,0.4,-12.9,1.9,41.7,0.8,37.1,-0.7,20.5,1,49.5,0.4,765.937
-0.7,-48.5,0.4,-12.9,1.9,41.7,0.8,37.1,-0.7,20.5,1,49.5,0.4,765.947
-0.5,-49.7,0.4,-12.9,1.9,41.7,0.8,37.1,-0.7,20.5,1,49.5,0.4,765.957
-0.5,-49.7,0.4,-12.9,1.9,41.7,0.8,37.1,-0.7,20.5,1,49.5,0.4,765.967
-0.5,-49.7,0.4,-12.9,1.9,41.7,0.8,37.1,-0.7,20.5,1,49.5,0.4,765.977
-0.5,-49.7,0.4,-12.9,1.9,41.7,0.8,37.1,-0.7,20.5,1,49.5,0.4,765.987
-0.5,-49.7,0.4,-12.9,1.9,41.7,0.8,37.1,-0.7,20.5,1,49.5,0.4,765.997
-0.5,-49.7,0.4,-17.1,1.9,39.2,0.8,40,-0.7,15.6,1,49.7,0.4,766.007
-0.5,-49.7,0.4,-17.1,1.9,39.2,0.8,40,-0.7,15.6,1,49.7,0.4,766.017
-0.5,-49.7,0.4,-17.1,1.9,39.2,0.8,40,-0.7,15.6,1,49.7,0.4,766.027
-0.5,-49.7,0.4,-17.1,1.9,39.2,0.8,40,-0.7,15.6,1,49.7,0.4,766.037
-0.5,-49.3,0.4,-17.1,1.9,39.2,0.8,40,-0.7,15.6,1,49.7,0.4,766.047
-0.5,-49.3,0.4,-17.1,1.9,39.2,0.8,40,-0.7,15.6,1,49.7,0.4,766.058
-0.5,-49.3,0.4,-17.1,1.9,39.2,0.8,40,-0.9,15.6,1,49.7,0.4,766.067
-0.5,-49.3,0.4,-17.1,1.9,39.2,0.8,40,-0.9,15.6,1,49.7,0.4,766.077
-0.5,-49.3,0.4,-17.1,1.9,39.2,0.8,40,-0.9,10.3,1,49.7,0.4,766.087
-0.5,-49.3,0.4,-21.7,1.9,35.9,0.8,43,-0.9,10.3,1.2,49.7,0.4,766.098
-0.5,-49.3,0.4,-21.7,1.9,35.9,0.8,43,-0.9,10.3,1.2,49.7,0.4,766.107
-0.5,-49.3,0.4,-21.7,1.9,35.9,0.8,43,-0.9,10.3,1.2,49.3,0.6,766.117
-0.5,-49.3,0.4,-21.7,1.9,35.9,0.8,43,-0.9,10.3,1.2,49.3,0.6,766.127
-0.7,-49.3,0.4,-21.7,1.9,35.9,0.8,43,-0.9,10.3,1.2,49.3,0.6,766.137
-0.7,-49.3,0.4,-21.7,1.9,35.9,0.8,43,-0.9,10.3,1.2,49.3,0.6,766.147
-0.7,-49.3,0.4,-21.7,1.9,35.9,0.8,43,-0.9,10.3,1.2,49.3,0.6,766.157
-0.7,-49.3,0.4,-21.7,1.9,35.9,0.8,43,-0.9,10.3,1.2,49.3,0.6,766.167
-0.7,-49.3,0.4,-21.7,1.9,35.9,0.8,43,-0.9,10.3,1.2,49.3,0.6,766.177
-0.7,-49.3,0.4,-25.9,1.9,33.4,0.8,45,-0.9,6.4,1.2,48.2,0.6,766.187
-0.7,-49.3,0.4,-25.9,1.9,33.4,0.8,45,-0.9,6.4,1.2,48.2,0.6,766.198
-0.7,-49.3,0.4,-25.9,1.9,33.4,0.8,45,-0.9,6.4,1.2,48.2,0.4,766.207
-0.7,-49.3,0.4,-25.9,1.9,33.4,0.8,45,-0.9,6.4,1.2,48.2,0.4,766.217
-0.7,-47.5,0.4,-25.9,1.9,33.4,0.8,45,-0.9,6.4,1.2,48.2,0.4,766.227
-0.7,-47.5,0.4,-25.9,1.9,33.4,0.8,45,-0.9,6.4,1.2,48.2,0.4,766.238
-0.7,-47.5,0.4,-25.9,1.9,33.4,0.8,45,-0.9,6.4,1.2,48.2,0.4,766.247
-0.7,-47.5,0.4,-25.9,1.9,33.4,0.8,45,-0.9,0.2,1.2,48.2,0.4,766.257
-0.7,-47.5,0.4,-25.9,1.9,33.4,0.8,45,-0.9,0.2,1.2,48.2,0.4,766.267
-0.7,-47.5,0.4,-29.5,1.9,29,0.8,46.9,-0.9,0.2,1.2,48.2,0.4,766.277
-0.7,-47.5,0.4,-29.5,1.9,29,0.8,46.9,-0.9,0.2,1.2,48.2,0.4,766.287
-0.7,-47.5,0.4,-29.5,1.9,29,0.8,46.9,-0.9,0.2,1.2,45.8,0.4,766.297
-0.7,-47.5,0.6,-29.5,1.9,29,0.8,46.9,-0.9,0.2,1.2,45.8,0.4,766.307
-0.7,-47.5,0.6,-29.5,1.9,29,0.8,46.9,-0.9,0.2,1.2,45.8,0.4,766.317
-0.5,-46.4,0.6,-29.5,1.9,29,0.8,46.9,-0.9,0.2,1.2,45.8,0.4,766.327
-0.5,-46.4,0.6,-29.5,1.9,29,0.8,46.9,-0.9,0.2,1.2,45.8,0.4,766.338
-0.5,-46.4,0.6,-29.5,1.9,29,0.8,46.9,-0.9,0.2,1.2,45.8,0.4,766.348
-0.5,-46.4,0.6,-29.5,1.9,29,0.8,46.9,-0.9,0.2,1.2,45.8,0.4,766.357
-0.5,-46.4,0.6,-32.5,1.9,26.1,0.8,48.2,-0.9,-3.6,1.2,43.6,0.4,766.367
-0.5,-46.4,0.6,-32.5,1.9,26.1,0.8,48.2,-0.9,-3.6,1.2,43.6,0.4,766.377
-0.5,-46.4,0.6,-32.5,1.9,26.1,0.8,48.2,-0.9,-3.6,1.2,43.6,0.4,766.387
-0.5,-46.4,0.6,-32.5,1.9,26.1,0.8,48.2,-0.9,-3.6,1.2,43.6,0.4,766.397
-0.5,-46.4,0.6,-32.5,1.9,26.1,0.8,48.2,-0.9,-3.6,1.2,43.6,0.4,766.407
-0.5,-43.2,0.6,-32.5,1.9,26.1,0.8,48.2,-0.9,-3.6,1.2,43.6,0.4,766.417
-0.5,-43.2,0.6,-32.5,1.9,26.1,0.8,48.2,-0.9,-3.6,1.2,43.6,0.4,766.427
-0.5,-43.2,0.6,-32.5,1.9,26.1,0.8,48.2,-0.9,-3.6,1.2,43.6,0.4,766.437
-0.5,-43.2,0.6,-32.5,1.9,26.1,0.8,48.2,-0.9,-10.3,1.2,43.6,0.4,766.447
-0.5,-43.2,0.6,-32.5,1.9,26.1,0.8,48.2,-0.9,-10.3,1.2,43.6,0.4,766.457
-0.5,-43.2,0.6,-36.2,1.9,21.5,0.8,48.8,-0.9,-10.3,1.2,43.6,0.4,766.467
-0.5,-43.2,0.6,-36.2,1.9,21.5,0.8,48.8,-0.9,-10.3,1.2,40.1,0.4,766.477
-0.7,-43.2,0.4,-36.2,1.6,21.5,0.8,48.8,-0.9,-10.3,1.2,40.1,0.4,766.487
-0.7,-43.2,0.4,-36.2,1.6,21.5,0.8,48.8,-0.9,-10.3,1.2,40.1,0.4,766.497
-0.7,-41.8,0.4,-36.2,1.6,21.5,0.8,48.8,-0.9,-10.3,1.2,40.1,0.4,766.508
-0.7,-41.8,0.4,-36.2,1.6,21.5,0.8,48.8,-0.9,-10.3,1.2,40.1,0.4,766.517
-0.7,-41.8,0.4,-36.2,1.6,21.5,0.8,48.8,-0.9,-10.3,1.2,40.1,0.4,766.527
-0.7,-41.8,0.4,-36.2,1.6,21.5,0.8,48.8,-0.9,-10.3,1.2,40.1,0.4,766.537
-0.7,-41.8,0.4,-36.2,1.6,21.5,0.8,48.8,-0.9,-10.3,1.2,40.1,0.4,766.547
-0.7,-41.8,0.4,-39.4,1.6,18.8,0.8,50.1,-0.9,-15.6,1.2,40.1,0.4,766.557
-0.7,-41.8,0.4,-39.4,1.6,18.8,0.8,50.1,-0.9,-15.6,1.2,37,0.4,766.567
-0.7,-41.8,0.4,-39.4,1.6,18.8,0.8,50.1,-0.9,-15.6,1.2,37,0.4,766.577
-0.7,-41.8,0.4,-39.4,1.6,18.8,0.8,50.1,-0.9,-15.6,1.2,37,0.4,766.587
-0.7,-37.8,0.4,-39.4,1.6,18.8,0.8,50.1,-0.9,-15.6,1.2,37,0.4,766.597
-0.7,-37.8,0.4,-39.4,1.6,18.8,0.8,50.1,-0.9,-15.6,1.2,37,0.4,766.607
-0.7,-37.8,0.4,-39.4,1.6,18.8,0.8,50.1,-0.9,-15.6,1.2,37,0.4,766.617
-0.7,-37.8,0.4,-39.4,1.6,18.8,1.1,50.1,-0.9,-15.6,1.2,37,0.4,766.629
-0.7,-37.8,0.4,-39.4,1.6,18.8,1.1,50.1,-0.9,-15.6,1.2,37,0.4,766.637
-0.7,-37.8,0.4,-39.4,1.6,18.8,1.1,50.1,-0.9,-15.6,1.2,37,0.4,766.647
-0.7,-37.8,0.4,-41.4,1.6,13.8,1.1,49.9,-0.9,-21.7,1,32.6,0.4,766.657
-0.7,-37.8,0.4,-41.4,1.6,13.8,1.1,49.9,-0.9,-21.7,1,32.6,0.4,766.667
-0.7,-37.8,0.4,-41.4,1.6,13.8,1.1,49.9,-0.9,-21.7,1,32.6,0.4,766.677
-0.7,-37.8,0.4,-41.4,1.6,13.8,1.1,49.9,-0.9,-21.7,1,32.6,0.4,766.687
-0.7,-35.8,0.4,-41.4,1.6,13.8,1.1,49.9,-0.9,-21.7,1,32.6,0.4,766.697
-0.7,-35.8,0.4,-41.4,1.6,13.8,1.1,49.9,-0.9,-21.7,1,32.6,0.4,766.707
-0.7,-35.8,0.4,-41.4,1.6,13.8,1.1,49.9,-0.9,-21.7,1,32.6,0.4,766.717
-0.7,-35.8,0.4,-41.4,1.6,13.8,1.1,49.9,-0.9,-21.7,1,32.6,0.4,766.728
-0.7,-35.8,0.4,-43.6,1.6,10.7,1.1,50.5,-0.9,-25.8,1,32.6,0.4,766.737
-0.7,-35.8,0.4,-43.6,1.6,10.7,1.1,50.5,-0.9,-25.8,1,32.6,0.4,766.748
-0.7,-35.8,0.6,-43.6,1.6,10.7,1.1,50.5,-0.9,-25.8,1,28.9,0.4,766.757
-0.7,-35.8,0.6,-43.6,1.6,10.7,1.1,50.5,-0.9,-25.8,1,28.9,0.4,766.767
-0.7,-35.8,0.6,-43.6,1.6,10.7,1.1,50.5,-0.9,-25.8,1,28.9,0.4,766.777
-0.7,-31.3,0.6,-43.6,1.6,10.7,1.1,50.5,-0.9,-25.8,1,28.9,0.4,766.787
-0.7,-31.3,0.6,-43.6,1.6,10.7,1.1,50.5,-0.9,-25.8,1,28.9,0.4,766.797
-0.7,-31.3,0.6,-43.6,1.6,10.7,1.1,50.5,-0.9,-25.8,1,28.9,0.4,766.807
-0.7,-31.3,0.6,-43.6,1.6,10.7,1.1,50.5,-0.9,-31.7,1,28.9,0.4,766.817
-0.7,-31.3,0.6,-43.6,1.6,10.7,1.1,50.5,-0.9,-31.7,1,28.9,0.4,766.827
-0.7,-31.3,0.6,-44.8,1.6,5.2,1.1,50.1,-0.9,-31.7,1,28.9,0.4,766.837
-0.7,-31.3,0.6,-44.8,1.6,5.2,1.1,50.1,-0.9,-31.7,1,24.3,0.4,766.847
-0.7,-31.3,0.6,-44.8,1.6,5.2,1.1,50.1,-0.9,-31.7,1,24.3,0.4,766.857
-0.5,-31.3,0.6,-44.8,1.6,5.2,1.1,50.1,-0.9,-31.7,1,24.3,0.4,766.867
-0.5,-28.1,0.6,-44.8,1.6,5.2,1.1,50.1,-0.9,-31.7,1,24.3,0.4,766.877
-0.5,-28.1,0.6,-44.8,1.6,5.2,1.1,50.1,-0.9,-31.7,1,24.3,0.4,766.887
-0.5,-28.1,0.6,-44.8,1.6,5.2,1.1,50.1,-0.7,-31.7,1,24.3,0.4,766.897
-0.5,-28.1,0.6,-44.8,1.6,5.2,1.1,50.1,-0.7,-31.7,1,24.3,0.4,766.907
-0.5,-28.1,0.6,-44.8,1.6,5.2,1.1,50.1,-0.7,-31.7,1,24.3,0.4,766.917
-0.5,-28.1,0.6,-46.6,1.6,1.9,1.1,49.9,-0.7,-35.6,1,20.1,0.4,766.927
-0.5,-28.1,0.6,-46.6,1.6,1.9,1.1,49.9,-0.7,-35.6,1,20.1,0.4,766.937
-0.5,-28.1,0.6,-46.6,1.6,1.9,1.1,49.9,-0.7,-35.6,1,20.1,0.4,766.947
-0.5,-28.1,0.6,-46.6,1.6,1.9,1.1,49.9,-0.7,-35.6,1,20.1,0.4,766.957
-0.5,-28.1,0.6,-46.6,1.6,1.9,1.1,49.9,-0.7,-35.6,1,20.1,0.4,766.967
-0.5,-23.3,0.6,-46.6,1.6,1.9,1.1,49.9,-0.7,-35.6,1,20.1,0.4,766.977
-0.5,-23.3,0.6,-46.6,1.6,1.9,1.1,49.9,-0.9,-35.6,1,20.1,0.4,766.987
-0.5,-23.3,0.6,-46.6,1.6,1.9,1.1,49.9,-0.9,-35.6,1,20.1,0.4,766.997
-0.5,-23.3,0.6,-46.6,1.6,1.9,1.1,49.9,-0.9,-40.9,1,20.1,0.4,767.007
-0.5,-23.3,0.6,-46.6,1.6,1.9,1.1,49.9,-0.9,-40.9,1,20.1,0.4,767.017
-0.5,-23.3,0.6,-47.2,1.6,-3.1,1.1,48.2,-0.9,-40.9,1,20.1,0.4,767.028
-0.5,-23.3,0.6,-47.2,1.6,-3.1,1.1,48.2,-0.9,-40.9,1,15.5,0.4,767.037
-0.5,-23.3,0.6,-47.2,1.6,-3.1,1.1,48.2,-0.9,-40.9,1,15.5,0.4,767.047
-0.5,-23.3,0.4,-47.2,1.9,-3.1,1.1,48.2,-0.9,-40.9,1,15.5,0.4,767.057
-0.5,-19.4,0.4,-47.2,1.9,-3.1,1.1,48.2,-0.9,-40.9,1,15.5,0.4,767.067
-0.5,-19.4,0.4,-47.2,1.9,-3.1,1.1,48.2,-0.7,-40.9,1,15.5,0.4,767.078
-0.5,-19.4,0.4,-47.2,1.9,-3.1,1.1,48.2,-0.7,-40.9,1,15.5,0.4,767.087
-0.5,-19.4,0.4,-47.2,1.9,-3.1,1.1,48.2,-0.7,-40.9,1,15.5,0.4,767.097
-0.5,-19.4,0.4,-47.2,1.9,-3.1,1.1,48.2,-0.7,-40.9,1,15.5,0.4,767.107
-0.5,-19.4,0.4,-48,1.9,-7.3,1.1,46.9,-0.7,-44.1,1,10.5,0.4,767.117
-0.5,-19.4,0.4,-48,1.9,-7.3,1.1,46.9,-0.7,-44.1,1,10.5,0.4,767.127
-0.5,-19.4,0.4,-48,1.9,-7.3,1.1,46.9,-0.7,-44.1,1,10.5,0.4,767.137
-0.5,-19.4,0.4,-48,1.6,-7.3,1.1,46.9,-0.7,-44.1,1,10.5,0.4,767.147
-0.5,-19.4,0.4,-48,1.6,-7.3,1.1,46.9,-0.7,-44.1,1,10.5,0.4,767.157
-0.5,-14.6,0.4,-48,1.6,-7.3,1.1,46.9,-0.7,-44.1,1,10.5,0.4,767.167
-0.5,-14.6,0.4,-48,1.6,-7.3,1.1,46.9,-0.7,-44.1,1,10.5,0.4,767.177
-0.5,-14.6,0.4,-48,1.6,-7.3,1.1,46.9,-0.7,-44.1,1,10.5,0.4,767.187
-0.5,-14.6,0.4,-48,1.6,-7.3,1.1,46.9,-0.7,-48,1,10.5,0.4,767.197
-0.5,-14.6,0.4,-48,1.6,-11.9,1.1,44.4,-0.7,-48,1,10.5,0.4,767.207
-0.5,-14.6,0.4,-48,1.6,-11.9,1.1,44.4,-0.7,-48,1,10.5,0.4,767.217
-0.5,-14.6,0.4,-48,1.6,-11.9,1.1,44.4,-0.7,-48,1,5.2,0.4,767.227
-0.5,-14.6,0.4,-48,1.6,-11.9,1.1,44.4,-0.7,-48,1,5.2,0.4,767.237
-0.5,-14.6,0.4,-48,1.6,-11.9,1.1,44.4,-0.7,-48,1,5.2,0.4,767.248
-0.5,-10.4,0.4,-48,1.6,-11.9,1.1,44.4,-0.7,-48,1,5.2,0.4,767.257
-0.5,-10.4,0.4,-48,1.6,-11.9,1.1,44.4,-0.7,-48,1,5.2,0.4,767.267
-0.5,-10.4,0.4,-48,1.6,-11.9,1.1,44.4,-0.7,-48,1,5.2,0.4,767.277
-0.5,-10.4,0.4,-48,1.6,-11.9,1.1,44.4,-0.7,-48,1,5.2,0.4,767.287
-0.5,-10.4,0.4,-48,1.6,-11.9,1.1,44.4,-0.7,-48,1,5.2,0.4,767.297
-0.5,-10.4,0.4,-48,1.6,-11.9,1.1,44.4,-0.7,-48,1,5.2,0.4,767.307
-0.5,-10.4,0.4,-48.2,1.6,-16.1,1.1,42.3,-0.7,-50.5,0.8,5.2,0.4,767.317
-0.5,-10.4,0.4,-48.2,1.6,-16.1,1.1,42.3,-0.7,-50.5,0.8,0.4,0.4,767.328
-0.7,-10.4,0.4,-48.2,1.6,-16.1,1.1,42.3,-0.7,-50.5,0.8,0.4,0.4,767.337
-0.7,-5.3,0.4,-48.2,1.6,-16.1,1.1,42.3,-0.7,-50.5,0.8,0.4,0.4,767.347
-0.7,-5.3,0.4,-48.2,1.6,-16.1,1.1,42.3,-0.7,-50.5,0.8,0.4,0.4,767.357
-0.7,-5.3,0.4,-48.2,1.6,-16.1,1.1,42.3,-0.5,-50.5,0.8,0.4,0.4,767.367
-0.7,-5.3,0.4,-48.2,1.6,-16.1,1.1,42.3,-0.5,-50.5,0.8,0.4,0.4,767.377
-0.7,-5.3,0.4,-48.2,1.6,-16.1,1.1,42.3,-0.5,-50.5,0.8,0.4,0.4,767.387
-0.7,-5.3,0.4,-47.4,1.6,-20.9,1.1,38.3,-0.5,-52.5,0.8,0.4,0.4,767.397
-0.7,-5.3,0.4,-47.4,1.6,-20.9,1.1,38.3,-0.5,-52.5,0.8,0.4,0.4,767.407
-0.7,-5.3,0.4,-47.4,1.6,-20.9,1.1,38.3,-0.5,-52.5,0.8,-4.5,0.4,767.417
-0.7,-5.3,0.4,-47.4,1.6,-20.9,1.1,38.3,-0.5,-52.5,0.8,-4.5,0.4,767.427
-0.7,-5.3,0.4,-47.4,1.6,-20.9,1.1,38.3,-0.5,-52.5,0.8,-4.5,0.4,767.438
-0.7,-1.5,0.4,-47.4,1.6,-20.9,1.1,38.3,-0.5,-52.5,0.8,-4.5,0.4,767.447
-0.7,-1.5,0.4,-47.4,1.6,-20.9,1.1,38.3,-0.5,-52.5,0.8,-4.5,0.4,767.457
-0.7,-1.5,0.4,-47.4,1.6,-20.9,1.1,38.3,-0.5,-52.5,0.8,-4.5,0.4,767.467
-0.7,-1.5,0.4,-47.4,1.6,-20.9,1.1,38.3,-0.5,-52.5,0.8,-4.5,0.4,767.477
-0.7,-1.5,0.4,-46,1.6,-25.9,1.1,34.4,-0.5,-54.5,0.8,-4.5,0.4,767.487
-0.7,-1.5,0.4,-46,1.6,-25.9,1.1,34.4,-0.5,-54.5,0.8,-4.5,0.4,767.497
-0.7,-1.5,0.4,-46,1.6,-25.9,1.1,34.4,-0.5,-54.5,0.8,-8.7,0.4,767.507
-0.7,-1.5,0.4,-46,1.6,-25.9,1.1,34.4,-0.5,-54.5,0.8,-8.7,0.4,767.517
-0.7,-1.5,0.4,-46,1.6,-25.9,1.1,34.4,-0.5,-54.5,0.8,-8.7,0.4,767.527
-0.7,4.3,0.4,-46,1.6,-25.9,1.1,34.4,-0.5,-54.5,0.8,-8.7,0.4,767.537
-0.7,4.3,0.4,-46,1.6,-25.9,1.1,34.4,-0.5,-54.5,0.8,-8.7,0.4,767.547
-0.7,4.3,0.4,-46,1.6,-25.9,1.1,34.4,-0.5,-54.5,0.8,-8.7,0.4,767.557
-0.7,4.3,0.4,-46,1.6,-25.9,1.1,34.4,-0.5,-55.5,0.8,-8.7,0.4,767.567
-0.7,4.3,0.4,-46,1.6,-25.9,1.1,34.4,-0.5,-55.5,0.8,-8.7,0.4,767.577
-0.7,4.3,0.4,-44.2,1.6,-30.5,1.1,29.5,-0.5,-55.5,0.6,-8.7,0.4,767.587
-0.7,4.3,0.4,-44.2,1.6,-30.5,1.1,29.5,-0.5,-55.5,0.6,-14.2,0.4,767.597
-0.7,4.3,0.6,-44.2,1.6,-30.5,1.1,29.5,-0.5,-55.5,0.6,-14.2,0.4,767.607
-0.7,4.3,0.6,-44.2,1.6,-30.5,1.1,29.5,-0.5,-55.5,0.6,-14.2,0.4,767.618
-0.7,7.9,0.6,-44.2,1.6,-30.5,1.1,29.5,-0.5,-55.5,0.6,-14.2,0.4,767.627
-0.7,7.9,0.6,-44.2,1.6,-30.5,1.1,29.5,-0.5,-55.5,0.6,-14.2,0.4,767.638
-0.7,7.9,0.6,-44.2,1.6,-30.5,1.1,29.5,-0.5,-55.5,0.6,-14.2,0.4,767.647
-0.7,7.9,0.6,-44.2,1.6,-30.5,1.1,29.5,-0.5,-55.5,0.6,-14.2,0.4,767.657
-0.7,7.9,0.6,-44.2,1.6,-30.5,1.1,29.5,-0.5,-55.5,0.6,-14.2,0.4,767.667
-0.7,7.9,0.6,-41.8,1.6,-34.2,1.1,25.1,-0.5,-55.8,0.6,-14.2,0.4,767.677
-0.7,7.9,0.6,-41.8,1.6,-34.2,1.1,25.1,-0.5,-55.8,0.6,-14.2,0.4,767.687
-0.7,7.9,0.4,-41.8,1.6,-34.2,1.1,25.1,-0.5,-55.8,0.6,-18.8,0.6,767.697
-0.5,7.9,0.4,-41.8,1.6,-34.2,1.1,25.1,-0.5,-55.8,0.6,-18.8,0.6,767.709
-0.5,7.9,0.4,-41.8,1.6,-34.2,1.1,25.1,-0.5,-55.8,0.6,-18.8,0.6,767.718
-0.5,13.5,0.4,-41.8,1.6,-34.2,1.1,25.1,-0.5,-55.8,0.6,-18.8,0.6,767.727
-0.5,13.5,0.4,-41.8,1.6,-34.2,1.1,25.1,-0.5,-55.8,0.6,-18.8,0.6,767.737
-0.5,13.5,0.4,-41.8,1.6,-34.2,1.1,25.1,-0.5,-56,0.6,-18.8,0.6,767.747
-0.5,13.5,0.4,-41.8,1.6,-34.2,1.1,25.1,-0.5,-56,0.6,-18.8,0.6,767.757
-0.5,13.5,0.4,-39.4,1.6,-37.8,1.1,19.7,-0.5,-56,0.6,-18.8,0.6,767.767
-0.5,13.5,0.4,-39.4,1.6,-37.8,1.1,19.7,-0.5,-56,0.6,-18.8,0.6,767.777
-0.5,13.5,0.4,-39.4,1.6,-37.8,1.1,19.7,-0.5,-56,0.6,-23.1,0.6,767.787
-0.7,13.5,0.4,-39.4,1.6,-37.8,1.1,19.7,-0.5,-56,0.6,-23.1,0.6,767.797
-0.7,13.5,0.4,-39.4,1.6,-37.8,1.1,19.7,-0.5,-56,0.6,-23.1,0.6,767.808
-0.7,16.7,0.4,-39.4,1.6,-37.8,1.1,19.7,-0.5,-56,0.6,-23.1,0.6,767.817
-0.7,16.7,0.4,-39.4,1.6,-37.8,1.1,19.7,-0.5,-56,0.6,-23.1,0.6,767.827
-0.7,16.7,0.4,-39.4,1.6,-37.8,1.1,19.7,-0.5,-56,0.6,-23.1,0.6,767.837
-0.7,16.7,0.4,-39.4,1.6,-37.8,1.1,19.7,-0.5,-56,0.6,-23.1,0.6,767.847
-0.7,16.7,0.4,-36.6,1.6,-40.6,1.1,15.1,-0.5,-55.8,0.4,-23.1,0.6,767.857
-0.7,16.7,0.4,-36.6,1.6,-40.6,1.1,15.1,-0.5,-55.8,0.4,-23.1,0.6,767.867
-0.7,16.7,0.4,-36.6,1.6,-40.6,1.1,15.1,-0.5,-55.8,0.4,-27.1,0.6,767.877
-0.7,16.7,0.4,-36.6,1.4,-40.6,1.1,15.1,-0.5,-55.8,0.4,-27.1,0.6,767.887
-0.7,16.7,0.4,-36.6,1.4,-40.6,1.1,15.1,-0.5,-55.8,0.4,-27.1,0.6,767.897
-0.7,22.4,0.4,-36.6,1.4,-40.6,1.1,15.1,-0.5,-55.8,0.4,-27.1,0.6,767.907
-0.7,22.4,0.4,-36.6,1.4,-40.6,1.1,15.1,-0.5,-55.8,0.4,-27.1,0.6,767.917
-0.7,22.4,0.4,-36.6,1.4,-40.6,1.1,15.1,-0.5,-55.8,0.4,-27.1,0.6,767.927
-0.7,22.4,0.4,-36.6,1.4,-40.6,1.1,15.1,-0.5,-54.9,0.4,-27.1,0.6,767.937
-0.7,22.4,0.4,-32.7,1.4,-43.4,1.1,9.4,-0.5,-54.9,0.4,-27.1,0.6,767.947
-0.7,22.4,0.4,-32.7,1.4,-43.4,1.1,9.4,-0.5,-54.9,0.4,-31.2,0.4,767.957
-0.7,22.4,0.4,-32.7,1.4,-43.4,1.1,9.4,-0.5,-54.9,0.4,-31.2,0.4,767.967
-0.7,22.4,0.4,-32.7,1.4,-43.4,1.1,9.4,-0.5,-54.9,0.4,-31.2,0.4,767.977
-0.7,22.4,0.4,-32.7,1.4,-43.4,1.1,9.4,-0.5,-54.9,0.4,-31.2,0.4,767.987
-0.7,25.6,0.4,-32.7,1.4,-43.4,1.1,9.4,-0.5,-54.9,0.4,-31.2,0.4,767.997
-0.7,25.6,0.4,-32.7,1.4,-43.4,1.1,9.4,-0.5,-54.9,0.4,-31.2,0.4,768.007
-0.7,25.6,0.4,-32.7,1.4,-43.4,1.1,9.4,-0.5,-54.9,0.4,-31.2,0.4,768.017
-0.7,25.6,0.4,-32.7,1.4,-43.4,1.1,9.4,-0.5,-54.9,0.4,-31.2,0.4,768.027
-0.7,25.6,0.4,-32.7,1.4,-43.4,1.1,9.4,-0.5,-54.9,0.4,-31.2,0.4,768.037
-0.7,25.6,0.4,-29.9,1.4,-45.2,1.1,3.7,-0.5,-53.9,0.4,-31.2,0.4,768.047
-0.7,25.6,0.4,-29.9,1.4,-45.2,1.1,3.7,-0.5,-53.9,0.4,-31.2,0.4,768.057
-0.5,25.6,0.4,-29.9,1.4,-45.2,1.1,3.7,-0.5,-53.9,0.4,-34.8,0.4,768.067
-0.5,25.6,0.4,-29.9,1.4,-45.2,1.1,3.7,-0.5,-53.9,0.4,-34.8,0.4,768.077
-0.5,30.1,0.4,-29.9,1.4,-45.2,1.1,3.7,-0.5,-53.9,0.4,-34.8,0.4,768.088
-0.5,30.1,0.4,-29.9,1.4,-45.2,1.1,3.7,-0.5,-53.9,0.4,-34.8,0.4,768.097
-0.5,30.1,0.4,-29.9,1.4,-45.2,1.1,3.7,-0.5,-53.9,0.4,-34.8,0.4,768.107
-0.5,30.1,0.4,-29.9,1.4,-45.2,0.8,3.7,-0.5,-51.5,0.4,-34.8,0.4,768.117
-0.5,30.1,0.4,-29.9,1.4,-45.2,0.8,3.7,-0.5,-51.5,0.4,-34.8,0.4,768.129
-0.5,30.1,0.4,-25.3,1.4,-47.4,0.8,-1.7,-0.5,-51.5,0.4,-34.8,0.4,768.137
-0.5,30.1,0.4,-25.3,1.4,-47.4,0.8,-1.7,-0.5,-51.5,0.4,-38.4,0.4,768.147
-0.5,30.1,0.4,-25.3,1.4,-47.4,0.8,-1.7,-0.5,-51.5,0.4,-38.4,0.4,768.157
-0.5,30.1,0.4,-25.3,1.4,-47.4,0.8,-1.7,-0.5,-51.5,0.4,-38.4,0.4,768.167
-0.5,33.3,0.4,-25.3,1.4,-47.4,0.8,-1.7,-0.5,-51.5,0.4,-38.4,0.4,768.177
-0.5,33.3,0.4,-25.3,1.4,-47.4,0.8,-1.7,-0.7,-51.5,0.4,-38.4,0.4,768.188
-0.5,33.3,0.4,-25.3,1.4,-47.4,0.8,-1.7,-0.7,-51.5,0.4,-38.4,0.4,768.197
-0.5,33.3,0.4,-25.3,1.4,-47.4,0.8,-1.7,-0.7,-51.5,0.4,-38.4,0.4,768.207
-0.5,33.3,0.4,-25.3,1.4,-47.4,0.8,-1.7,-0.7,-51.5,0.4,-38.4,0.4,768.217
-0.5,33.3,0.4,-21.1,1.4,-48.4,0.8,-7.3,-0.7,-49.4,0.4,-41.3,0.4,768.227
-0.5,33.3,0.4,-21.1,1.4,-48.4,0.8,-7.3,-0.7,-49.4,0.4,-41.3,0.4,768.237
-0.5,33.3,0.4,-21.1,1.4,-48.4,0.8,-7.3,-0.7,-49.4,0.4,-41.3,0.4,768.247
-0.7,33.3,0.4,-21.1,1.4,-48.4,0.8,-7.3,-0.7,-49.4,0.4,-41.3,0.4,768.257
-0.7,33.3,0.4,-21.1,1.4,-48.4,0.8,-7.3,-0.7,-49.4,0.4,-41.3,0.4,768.267
-0.7,37.1,0.4,-21.1,1.4,-48.4,0.8,-7.3,-0.7,-49.4,0.4,-41.3,0.4,768.277
-0.7,37.1,0.4,-21.1,1.4,-48.4,0.8,-7.3,-0.7,-49.4,0.4,-41.3,0.4,768.287
-0.7,37.1,0.4,-21.1,1.4,-48.4,0.8,-7.3,-0.7,-49.4,0.4,-41.3,0.4,768.297
-0.7,37.1,0.4,-21.1,1.4,-48.8,0.8,-7.3,-0.7,-45.6,0.4,-41.3,0.4,768.307
-0.7,37.1,0.4,-21.1,1.4,-48.8,0.8,-7.3,-0.7,-45.6,0.4,-41.3,0.4,768.317
-0.7,37.1,0.4,-16.3,1.4,-48.8,0.8,-12.8,-0.7,-45.6,0.2,-41.3,0.4,768.327
-0.7,37.1,0.4,-16.3,1.4,-48.8,0.8,-12.8,-0.7,-45.6,0.2,-44.5,0.4,768.337
-0.7,37.1,0.4,-16.3,1.4,-48.8,0.8,-12.8,-0.7,-45.6,0.2,-44.5,0.4,768.347
-0.7,37.1,0.4,-16.3,1.4,-48.8,0.8,-12.8,-0.7,-45.6,0.2,-44.5,0.4,768.357
-0.7,39.9,0.4,-16.3,1.4,-48.8,0.8,-12.8,-0.7,-45.6,0.2,-44.5,0.4,768.367
-0.7,39.9,0.4,-16.3,1.4,-48.8,0.8,-12.8,-0.7,-45.6,0.2,-44.5,0.4,768.377
-0.7,39.9,0.4,-16.3,1.4,-48.8,0.8,-12.8,-0.7,-45.6,0.2,-44.5,0.4,768.388
-0.7,39.9,0.4,-16.3,1.4,-48.8,0.8,-12.8,-0.7,-45.6,0.2,-44.5,0.4,768.397
-0.7,39.9,0.4,-16.3,1.4,-48.8,0.8,-12.8,-0.7,-45.6,0.2,-44.5,0.4,768.408
-0.7,39.9,0.4,-11.7,1.4,-49.2,0.8,-18,-0.7,-42.3,0.2,-46.7,0.4,768.417
-0.7,39.9,0.4,-11.7,1.4,-49.2,0.8,-18,-0.7,-42.3,0.2,-46.7,0.4,768.428
-0.7,39.9,0.4,-11.7,1.4,-49.2,0.8,-18,-0.7,-42.3,0.2,-46.7,0.4,768.437
-0.7,39.9,0.4,-11.7,1.4,-49.2,0.8,-18,-0.7,-42.3,0.2,-46.7,0.4,768.447
-0.7,39.9,0.4,-11.7,1.4,-49.2,0.8,-18,-0.7,-42.3,0.2,-46.7,0.4,768.458
-0.7,42.9,0.4,-11.7,1.4,-49.2,0.8,-18,-0.7,-42.3,0.2,-46.7,0.4,768.467
-0.7,42.9,0.4,-11.7,1.4,-49.2,0.8,-18,-0.7,-42.3,0.2,-46.7,0.4,768.477
-0.7,42.9,0.4,-11.7,1.4,-49.2,0.8,-18,-0.7,-42.3,0.2,-46.7,0.4,768.487
-0.7,42.9,0.4,-11.7,1.4,-48.8,0.8,-18,-0.7,-37.6,0.2,-46.7,0.4,768.497
-0.7,42.9,0.4,-5.9,1.4,-48.8,0.8,-23.5,-0.7,-37.6,0.2,-46.7,0.4,768.507
-0.7,42.9,0.4,-5.9,1.4,-48.8,0.8,-23.5,-0.7,-37.6,0.2,-48.3,0.4,768.517
-0.7,42.9,0.4,-5.9,1.4,-48.8,0.8,-23.5,-0.7,-37.6,0.2,-48.3,0.4,768.527
-0.5,42.9,0.6,-5.9,1.4,-48.8,0.8,-23.5,-0.7,-37.6,0.2,-48.3,0.4,768.537
-0.5,45,0.6,-5.9,1.4,-48.8,0.8,-23.5,-0.7,-37.6,0.2,-48.3,0.4,768.547
-0.5,45,0.6,-5.9,1.4,-48.8,0.8,-23.5,-0.7,-37.6,0.2,-48.3,0.4,768.557
-0.5,45,0.6,-5.9,1.4,-48.8,0.8,-23.5,-0.7,-37.6,0.2,-48.3,0.4,768.567
-0.5,45,0.6,-5.9,1.4,-48.8,0.8,-23.5,-0.7,-37.6,0.2,-48.3,0.4,768.577
-0.5,45,0.6,-5.9,1.4,-48.8,0.8,-23.5,-0.7,-37.6,0.2,-48.3,0.4,768.587
-0.5,45,0.6,-5.9,1.4,-48.8,0.8,-23.5,-0.7,-37.6,0.2,-48.3,0.4,768.597
-0.5,45,0.6,-1.7,1.4,-48.2,0.6,-27.9,-0.7,-33.5,0.4,-49.5,0.4,768.607
-0.5,45,0.4,-1.7,1.4,-48.2,0.6,-27.9,-0.7,-33.5,0.4,-49.5,0.4,768.618
-0.5,45,0.4,-1.7,1.4,-48.2,0.6,-27.9,-0.7,-33.5,0.4,-49.5,0.4,768.627
-0.5,45,0.4,-1.7,1.4,-48.2,0.6,-27.9,-0.7,-33.5,0.4,-49.5,0.4,768.637
-0.5,45,0.4,-1.7,1.4,-48.2,0.6,-27.9,-0.7,-33.5,0.4,-49.5,0.4,768.647
-0.5,46.3,0.4,-1.7,1.4,-48.2,0.6,-27.9,-0.7,-33.5,0.4,-49.5,0.4,768.657
-0.5,46.3,0.4,-1.7,1.4,-48.2,0.6,-27.9,-0.7,-33.5,0.4,-49.5,0.4,768.667
-0.5,46.3,0.4,-1.7,1.4,-48.2,0.6,-27.9,-0.7,-33.5,0.4,-49.5,0.4,768.677
-0.5,46.3,0.4,-1.7,1.4,-46,0.6,-27.9,-0.7,-28.4,0.4,-49.5,0.4,768.687
-0.5,46.3,0.4,3.8,1.4,-46,0.6,-32.4,-0.7,-28.4,0.4,-49.5,0.4,768.697
-0.5,46.3,0.4,3.8,1.4,-46,0.6,-32.4,-0.7,-28.4,0.4,-49.5,0.4,768.707
-0.5,46.3,0.4,3.8,1.4,-46,0.6,-32.4,-0.7,-28.4,0.4,-50.5,0.4,768.717
-0.7,46.3,0.4,3.8,1.4,-46,0.6,-32.4,-0.7,-28.4,0.4,-50.5,0.4,768.727
-0.7,48,0.4,3.8,1.4,-46,0.6,-32.4,-0.7,-28.4,0.4,-50.5,0.4,768.737
-0.7,48,0.4,3.8,1.4,-46,0.6,-32.4,-0.7,-28.4,0.4,-50.5,0.4,768.747
-0.7,48,0.4,3.8,1.4,-46,0.6,-32.4,-0.7,-28.4,0.4,-50.5,0.4,768.757
-0.7,48,0.4,3.8,1.4,-46,0.8,-32.4,-0.7,-28.4,0.4,-50.5,0.4,768.767
-0.7,48,0.4,3.8,1.4,-46,0.8,-32.4,-0.7,-28.4,0.4,-50.5,0.4,768.777
-0.7,48,0.4,3.8,1.4,-46,0.8,-32.4,-0.7,-28.4,0.4,-50.5,0.4,768.787
-0.7,48,0.4,8.3,1.4,-44.8,0.8,-36,-0.7,-24.1,0.4,-50.8,0.4,768.797
-0.7,48,0.4,8.3,1.4,-44.8,0.8,-36,-0.7,-24.1,0.4,-50.8,0.4,768.807
-0.7,48,0.6,8.3,1.4,-44.8,0.8,-36,-0.7,-24.1,0.4,-50.8,0.4,768.817
-0.7,48.6,0.6,8.3,1.4,-44.8,0.8,-36,-0.7,-24.1,0.4,-50.8,0.4,768.827
-0.7,48.6,0.6,8.3,1.4,-44.8,0.8,-36,-0.7,-24.1,0.4,-50.8,0.4,768.837
-0.7,48.6,0.6,8.3,1.4,-44.8,0.8,-36,-0.7,-24.1,0.4,-50.8,0.4,768.847
-0.7,48.6,0.6,8.3,1.4,-44.8,0.8,-36,-0.7,-24.1,0.4,-50.8,0.4,768.857
-0.7,48.6,0.6,8.3,1.4,-44.8,0.8,-36,-0.7,-24.1,0.4,-50.8,0.4,768.867
-0.7,48.6,0.6,8.3,1.4,-44.8,0.8,-36,-0.7,-24.1,0.4,-50.8,0.4,768.877
-0.7,48.6,0.6,13.8,1.4,-42.2,0.8,-39.6,-0.7,-18.6,0.6,-50.8,0.4,768.887
-0.7,48.6,0.6,13.8,1.4,-42.2,0.8,-39.6,-0.7,-18.6,0.6,-50.8,0.4,768.897
-0.7,48.6,0.6,13.8,1.4,-42.2,0.8,-39.6,-0.7,-18.6,0.6,-50.5,0.4,768.907
-0.7,48.6,0.6,13.8,1.4,-42.2,0.8,-39.6,-0.7,-18.6,0.6,-50.5,0.4,768.917
-0.7,49.1,0.6,13.8,1.4,-42.2,0.8,-39.6,-0.7,-18.6,0.6,-50.5,0.4,768.927
-0.7,49.1,0.6,13.8,1.4,-42.2,0.8,-39.6,-0.7,-18.6,0.6,-50.5,0.4,768.937
-0.7,49.1,0.6,13.8,1.4,-42.2,0.8,-39.6,-0.9,-18.6,0.6,-50.5,0.4,768.947
-0.7,49.1,0.6,13.8,1.4,-42.2,0.6,-39.6,-0.9,-13.7,0.6,-50.5,0.4,768.957
-0.7,49.1,0.6,13.8,1.4,-42.2,0.6,-39.6,-0.9,-13.7,0.6,-50.5,0.4,768.967
-0.7,49.1,0.6,18.1,1.4,-39.4,0.6,-42.9,-0.9,-13.7,0.6,-50.5,0.4,768.977
-0.7,49.1,0.6,18.1,1.4,-39.4,0.6,-42.9,-0.9,-13.7,0.6,-50.5,0.4,768.987
-0.7,49.1,0.6,18.1,1.4,-39.4,0.6,-42.9,-0.9,-13.7,0.6,-49.9,0.4,768.997
-0.5,49.1,0.4,18.1,1.4,-39.4,0.6,-42.9,-0.9,-13.7,0.6,-49.9,0.4,769.008
-0.5,49.1,0.4,18.1,1.4,-39.4,0.6,-42.9,-0.9,-13.7,0.6,-49.9,0.4,769.017
-0.5,48.9,0.4,18.1,1.4,-39.4,0.6,-42.9,-0.9,-13.7,0.6,-49.9,0.4,769.027
-0.5,48.9,0.4,18.1,1.4,-39.4,0.6,-42.9,-0.9,-13.7,0.6,-49.9,0.4,769.037
-0.5,48.9,0.4,18.1,1.4,-39.4,0.6,-42.9,-0.9,-13.7,0.6,-49.9,0.4,769.047
-0.5,48.9,0.4,18.1,1.4,-39.4,0.6,-42.9,-0.9,-13.7,0.6,-49.9,0.4,769.057
-0.5,48.9,0.4,23.4,1.4,-36.4,0.6,-45.7,-0.9,-8,0.8,-49.9,0.4,769.067
-0.5,48.9,0.4,23.4,1.4,-36.4,0.6,-45.7,-0.9,-8,0.8,-49.9,0.4,769.077
-0.5,48.9,0.4,23.4,1.4,-36.4,0.6,-45.7,-0.9,-8,0.8,-48.5,0.4,769.087
-0.5,48.9,0.4,23.4,1.6,-36.4,0.6,-45.7,-0.9,-8,0.8,-48.5,0.4,769.097
-0.5,48.9,0.4,23.4,1.6,-36.4,0.6,-45.7,-0.9,-8,0.8,-48.5,0.4,769.107
-0.5,48.6,0.4,23.4,1.6,-36.4,0.6,-45.7,-0.9,-8,0.8,-48.5,0.4,769.117
-0.5,48.6,0.4,23.4,1.6,-36.4,0.6,-45.7,-0.9,-8,0.8,-48.5,0.4,769.128
-0.5,48.6,0.4,23.4,1.6,-36.4,0.6,-45.7,-1.1,-8,0.8,-48.5,0.4,769.137
-0.5,48.6,0.4,23.4,1.6,-36.4,0.6,-45.7,-1.1,-2.9,0.8,-48.5,0.4,769.147
-0.5,48.6,0.4,23.4,1.6,-36.4,0.6,-45.7,-1.1,-2.9,0.8,-48.5,0.4,769.157
-0.5,48.6,0.4,27.4,1.6,-33.3,0.6,-47.3,-1.1,-2.9,0.8,-48.5,0.4,769.167
-0.5,48.6,0.4,27.4,1.6,-33.3,0.6,-47.3,-1.1,-2.9,0.8,-47.7,0.4,769.177
-0.7,48.6,0.6,27.4,1.6,-33.3,0.6,-47.3,-1.1,-2.9,0.8,-47.7,0.4,769.187
-0.7,48.6,0.6,27.4,1.6,-33.3,0.6,-47.3,-1.1,-2.9,0.8,-47.7,0.4,769.197
-0.7,46.9,0.6,27.4,1.6,-33.3,0.6,-47.3,-1.1,-2.9,0.8,-47.7,0.4,769.207
-0.7,46.9,0.6,27.4,1.6,-33.3,0.6,-47.3,-1.1,-2.9,0.8,-47.7,0.4,769.217
-0.7,46.9,0.6,27.4,1.6,-33.3,0.6,-47.3,-1.1,-2.9,0.8,-47.7,0.4,769.227
-0.7,46.9,0.6,27.4,1.6,-33.3,0.6,-47.3,-1.1,-2.9,0.8,-47.7,0.4,769.237
-0.7,46.9,0.6,27.4,1.6,-33.3,0.6,-47.3,-1.1,-2.9,0.8,-47.7,0.4,769.247
-0.7,46.9,0.6,32,1.6,-29.1,0.8,-49.3,-1.1,3,1,-47.7,0.4,769.257
-0.7,46.9,0.6,32,1.6,-29.1,0.8,-49.3,-1.1,3,1,-47.7,0.4,769.267
-0.7,46.9,0.6,32,1.6,-29.1,0.8,-49.3,-1.1,3,1,-44.5,0.4,769.277
-0.7,46.9,0.6,32,1.4,-29.1,0.8,-49.3,-1.1,3,1,-44.5,0.4,769.287
-0.7,46.9,0.6,32,1.4,-29.1,0.8,-49.3,-1.1,3,1,-44.5,0.4,769.297
-0.7,45.7,0.6,32,1.4,-29.1,0.8,-49.3,-1.1,3,1,-44.5,0.4,769.307
-0.7,45.7,0.6,32,1.4,-29.1,0.8,-49.3,-1.1,3,1,-44.5,0.4,769.317
-0.7,45.7,0.6,32,1.4,-25.3,0.8,-49.3,-1.1,7.5,1,-44.5,0.4,769.327
-0.7,45.7,0.6,32,1.4,-25.3,0.8,-49.3,-1.1,7.5,1,-44.5,0.4,769.337
-0.7,45.7,0.6,35,1.4,-25.3,0.8,-50.5,-1.1,7.5,1.2,-44.5,0.4,769.347
-0.7,45.7,0.6,35,1.4,-25.3,0.8,-50.5,-1.1,7.5,1.2,-42.5,0.4,769.357
-0.7,45.7,0.6,35,1.4,-25.3,0.8,-50.5,-1.1,7.5,1.2,-42.5,0.4,769.367
-0.7,45.7,0.6,35,1.6,-25.3,0.8,-50.5,-1.1,7.5,1.2,-42.5,0.4,769.377
-0.7,45.7,0.6,35,1.6,-25.3,0.8,-50.5,-1.1,7.5,1.2,-42.5,0.4,769.387
-0.7,43.1,0.6,35,1.6,-25.3,0.8,-50.5,-1.1,7.5,1.2,-42.5,0.4,769.397
-0.7,43.1,0.6,35,1.6,-25.3,0.8,-50.5,-1.1,7.5,1.2,-42.5,0.4,769.407
-0.7,43.1,0.6,35,1.6,-25.3,0.8,-50.5,-1.1,7.5,1.2,-42.5,0.4,769.417
-0.7,43.1,0.6,35,1.6,-25.3,0.8,-50.5,-1.1,7.5,1.2,-42.5,0.4,769.427
-0.7,43.1,0.6,35,1.6,-25.3,0.8,-50.5,-1.1,7.5,1.2,-42.5,0.4,769.437
-0.7,43.1,0.6,38.8,1.6,-20.5,0.8,-51.2,-1.1,13.5,1.2,-42.5,0.4,769.447
-0.7,43.1,0.6,38.8,1.6,-20.5,0.8,-51.2,-1.1,13.5,1.2,-42.5,0.4,769.457
-0.7,43.1,0.4,38.8,1.6,-20.5,0.8,-51.2,-1.1,13.5,1.2,-38.8,0.4,769.467
-0.5,43.1,0.4,38.8,1.4,-20.5,0.8,-51.2,-1.1,13.5,1.2,-38.8,0.4,769.477
-0.5,43.1,0.4,38.8,1.4,-20.5,0.8,-51.2,-1.1,13.5,1.2,-38.8,0.4,769.487
-0.5,40.5,0.4,38.8,1.4,-20.5,0.8,-51.2,-1.1,13.5,1.2,-38.8,0.4,769.498
-0.5,40.5,0.4,38.8,1.4,-20.5,0.8,-51.2,-1.1,13.5,1.2,-38.8,0.4,769.507
-0.5,40.5,0.4,38.8,1.4,-20.5,0.8,-51.2,-1.1,13.5,1.2,-38.8,0.4,769.517
-0.5,40.5,0.4,38.8,1.4,-16.9,0.8,-51.2,-1.1,18.4,1.2,-38.8,0.4,769.527
-0.5,40.5,0.4,38.8,1.4,-16.9,0.8,-51.2,-1.1,18.4,1.2,-38.8,0.4,769.537
-0.5,40.5,0.4,41.6,1.4,-16.9,0.8,-51.4,-1.1,18.4,1.4,-38.8,0.4,769.547
-0.5,40.5,0.4,41.6,1.4,-16.9,0.8,-51.4,-1.1,18.4,1.4,-36,0.4,769.557
-0.7,40.5,0.6,41.6,1.4,-16.9,0.8,-51.4,-1.1,18.4,1.4,-36,0.4,769.567
-0.7,37.6,0.6,41.6,1.4,-16.9,0.8,-51.4,-1.1,18.4,1.4,-36,0.4,769.577
-0.7,37.6,0.6,41.6,1.4,-16.9,0.8,-51.4,-1.1,18.4,1.4,-36,0.4,769.587
-0.7,37.6,0.6,41.6,1.4,-16.9,0.8,-51.4,-1.1,18.4,1.4,-36,0.4,769.597
-0.7,37.6,0.6,41.6,1.4,-16.9,0.8,-51.4,-1.1,18.4,1.4,-36,0.4,769.609
-0.7,37.6,0.6,41.6,1.4,-16.9,0.8,-51.4,-1.1,18.4,1.4,-36,0.4,769.617
-0.7,37.6,0.6,41.6,1.4,-16.9,0.8,-51.4,-1.1,18.4,1.4,-36,0.4,769.627
-0.7,37.6,0.6,41.6,1.4,-16.9,0.8,-51.4,-1.1,18.4,1.4,-36,0.4,769.637
-0.7,37.6,0.6,44.1,1.4,-11.7,0.8,-51.4,-1.1,24.1,1.4,-31.4,0.4,769.647
-0.3,37.6,0.6,44.1,1.4,-11.7,0.8,-51.4,-1.1,24.1,1.4,-31.4,0.4,769.657
-0.3,37.6,0.6,44.1,1.4,-11.7,0.8,-51.4,-1.1,24.1,1.4,-31.4,0.4,769.667
-0.3,35.2,0.6,44.1,1.4,-11.7,0.8,-51.4,-1.1,24.1,1.4,-31.4,0.4,769.677
-0.3,35.2,0.6,44.1,1.4,-11.7,0.8,-51.4,-1.1,24.1,1.4,-31.4,0.4,769.687
-0.3,35.2,0.6,44.1,1.4,-11.7,0.8,-51.4,-1.1,24.1,1.4,-31.4,0.4,769.698
-0.3,35.2,0.6,44.1,1.4,-11.7,0.8,-51.4,-1.1,24.1,1.4,-31.4,0.4,769.707
-0.3,35.2,0.6,44.1,1.4,-11.7,0.8,-51.4,-1.1,24.1,1.4,-31.4,0.4,769.717
-0.3,35.2,0.6,44.1,1.4,-11.7,0.8,-51.4,-1.1,24.1,1.4,-31.4,0.4,769.727
-0.3,35.2,0.6,46.7,1.4,-7.9,1.1,-51.2,-1.1,28.4,1.6,-31.4,0.4,769.737
-0.3,35.2,0.6,46.7,1.4,-7.9,1.1,-51.2,-1.1,28.4,1.6,-28.7,0.4,769.747
-0.3,35.2,0.6,46.7,1.4,-7.9,1.1,-51.2,-1.1,28.4,1.6,-28.7,0.4,769.757
-0.3,35.2,0.6,46.7,1.4,-7.9,1.1,-51.2,-1.1,28.4,1.6,-28.7,0.4,769.767
-0.3,35.2,0.6,46.7,1.4,-7.9,1.1,-51.2,-1.1,28.4,1.6,-28.7,0.4,769.777
-0.3,31.2,0.6,46.7,1.4,-7.9,1.1,-51.2,-1.1,28.4,1.6,-28.7,0.4,769.787
-0.3,31.2,0.6,46.7,1.4,-7.9,1.1,-51.2,-1.1,28.4,1.6,-28.7,0.4,769.797
-0.3,31.2,0.6,46.7,1.4,-2.3,1.1,-51.2,-1.1,33.3,1.6,-28.7,0.4,769.807
-0.3,31.2,0.6,48,1.4,-2.3,1.1,-49.9,-1.1,33.3,1.6,-28.7,0.4,769.817
-0.3,31.2,0.6,48,1.4,-2.3,1.1,-49.9,-1.1,33.3,1.6,-28.7,0.4,769.827
-0.3,31.2,0.6,48,1.4,-2.3,1.1,-49.9,-1.1,33.3,1.6,-22.9,0.4,769.837
-0.3,31.2,0.6,48,1.4,-2.3,1.1,-49.9,-1.1,33.3,1.6,-22.9,0.4,769.847
-0.5,31.2,0.6,48,1.4,-2.3,1.1,-49.9,-1.1,33.3,1.6,-22.9,0.4,769.857
-0.5,27.7,0.6,48,1.4,-2.3,1.1,-49.9,-1.1,33.3,1.6,-22.9,0.4,769.867
-0.5,27.7,0.6,48,1.4,-2.3,1.1,-49.9,-1.1,33.3,1.6,-22.9,0.4,769.877
-0.5,27.7,0.6,48,1.4,-2.3,1.1,-49.9,-0.9,33.3,1.6,-22.9,0.4,769.888
-0.5,27.7,0.6,48,1.4,-2.3,1.1,-49.9,-0.9,33.3,1.6,-22.9,0.4,769.897
-0.5,27.7,0.6,48,1.4,-2.3,1.1,-49.9,-0.9,33.3,1.6,-22.9,0.4,769.907
-0.5,27.7,0.6,48,1.4,-2.3,1.1,-49.9,-0.9,33.3,1.6,-22.9,0.4,769.917
-0.5,27.7,0.6,49.7,1.4,1.3,1.1,-49.3,-0.9,37.3,1.4,-19.2,0.4,769.928
-0.5,27.7,0.6,49.7,1.4,1.3,1.1,-49.3,-0.9,37.3,1.4,-19.2,0.4,769.937
-0.7,27.7,0.6,49.7,1.4,1.3,1.1,-49.3,-0.9,37.3,1.4,-19.2,0.4,769.947
-0.7,22.6,0.6,49.7,1.2,1.3,1.1,-49.3,-0.9,37.3,1.4,-19.2,0.4,769.957
-0.7,22.6,0.6,49.7,1.2,1.3,1.1,-49.3,-1.1,37.3,1.4,-19.2,0.4,769.967
-0.7,22.6,0.6,49.7,1.2,1.3,1.1,-49.3,-1.1,37.3,1.4,-19.2,0.4,769.977
-0.7,22.6,0.6,49.7,1.2,1.3,1.1,-49.3,-1.1,37.3,1.4,-19.2,0.4,769.987
-0.7,22.6,0.6,49.7,1.2,1.3,1.1,-49.3,-1.1,37.3,1.4,-19.2,0.4,769.997
-0.7,22.6,0.6,49.7,1.2,1.3,1.1,-49.3,-1.1,37.3,1.4,-19.2,0.4,770.007
-0.7,22.6,0.6,49.4,1.2,7.3,1.1,-47.3,-1.1,41,1.2,-19.2,0.4,770.017
-0.7,22.6,0.6,49.4,1.2,7.3,1.1,-47.3,-1.1,41,1.2,-14,0.4,770.028
-0.7,22.6,0.6,49.4,1.2,7.3,1.1,-47.3,-1.1,41,1.2,-14,0.4,770.037
-0.5,22.6,0.6,49.4,1.4,7.3,1.1,-47.3,-1.1,41,1.2,-14,0.4,770.047
-0.5,19.2,0.6,49.4,1.4,7.3,1.1,-47.3,-0.9,41,1.2,-14,0.4,770.058
-0.5,19.2,0.6,49.4,1.4,7.3,1.1,-47.3,-0.9,41,1.2,-14,0.4,770.068
-0.5,19.2,0.6,49.4,1.4,7.3,1.1,-47.3,-0.9,41,1.2,-14,0.4,770.077
-0.5,19.2,0.6,49.4,1.4,7.3,1.1,-47.3,-0.9,41,1.2,-14,0.4,770.087
-0.5,19.2,0.6,49.4,1.4,7.3,1.1,-45.9,-0.9,44.6,1.2,-14,0.4,770.097
-0.5,19.2,0.6,50.3,1.4,11.5,1.1,-45.9,-0.9,44.6,1.2,-14,0.4,770.107
-0.5,19.2,0.6,50.3,1.4,11.5,1.1,-45.9,-0.9,44.6,1.2,-14,0.4,770.117
-0.5,19.2,0.6,50.3,1.4,11.5,1.1,-45.9,-0.9,44.6,1.2,-9.9,0.4,770.127
-0.5,19.2,0.6,50.3,1.4,11.5,1.1,-45.9,-0.9,44.6,1.2,-9.9,0.4,770.137
-0.5,19.2,0.6,50.3,1.4,11.5,1.1,-45.9,-0.9,44.6,1.2,-9.9,0.4,770.147
-0.5,14.1,0.6,50.3,1.4,11.5,1.1,-45.9,-0.9,44.6,1.2,-9.9,0.4,770.157
-0.5,14.1,0.6,50.3,1.4,11.5,1.1,-45.9,-0.7,44.6,1.2,-9.9,0.4,770.168
-0.5,14.1,0.6,50.3,1.4,11.5,1.1,-45.9,-0.7,44.6,1.2,-9.9,0.4,770.177
-0.5,14.1,0.6,50.3,1.4,11.5,1.1,-45.9,-0.7,44.6,1.2,-9.9,0.4,770.187
-0.5,14.1,0.6,50.3,1.4,11.5,1.1,-45.9,-0.7,44.6,1.2,-9.9,0.4,770.197
-0.5,14.1,0.6,49.7,1.4,16.7,1.1,-42.3,-0.7,48,1,-3.9,0.4,770.208
-0.5,14.1,0.6,49.7,1.4,16.7,1.1,-42.3,-0.7,48,1,-3.9,0.4,770.217
-0.7,14.1,0.6,49.7,1.4,16.7,1.1,-42.3,-0.7,48,1,-3.9,0.4,770.228
-0.7,9.2,0.6,49.7,1.4,16.7,1.1,-42.3,-0.7,48,1,-3.9,0.4,770.238
-0.7,9.2,0.6,49.7,1.4,16.7,1.1,-42.3,-0.7,48,1,-3.9,0.4,770.247
-0.7,9.2,0.6,49.7,1.4,16.7,1.1,-42.3,-0.9,48,1,-3.9,0.4,770.257
-0.7,9.2,0.6,49.7,1.4,16.7,1.1,-42.3,-0.9,48,1,-3.9,0.4,770.267
-0.7,9.2,0.6,49.7,1.4,16.7,1.1,-42.3,-0.9,48,1,-3.9,0.4,770.277
-0.7,9.2,0.6,49.7,1.4,16.7,1.1,-42.3,-0.9,48,1,-3.9,0.4,770.287
-0.7,9.2,0.6,49.2,1.4,20.5,1.1,-39.2,-0.9,49.9,1,-3.9,0.4,770.298
-0.7,9.2,0.6,49.2,1.4,20.5,1.1,-39.2,-0.9,49.9,1,-3.9,0.4,770.307
-0.7,9.2,0.6,49.2,1.4,20.5,1.1,-39.2,-0.9,49.9,1,-0.5,0.4,770.318
-0.7,9.2,0.6,49.2,1.4,20.5,1.1,-39.2,-0.9,49.9,1,-0.5,0.4,770.327
-0.7,9.2,0.6,49.2,1.4,20.5,1.1,-39.2,-0.9,49.9,1,-0.5,0.4,770.337
-0.7,3.4,0.6,49.2,1.4,20.5,1.1,-39.2,-0.9,49.9,1,-0.5,0.4,770.347
-0.7,3.4,0.6,49.2,1.4,20.5,1.1,-39.2,-0.9,49.9,1,-0.5,0.4,770.357
-0.7,3.4,0.6,49.2,1.4,20.5,1.1,-39.2,-0.9,49.9,1,-0.5,0.4,770.367
-0.7,3.4,0.6,49.2,1.4,20.5,1.1,-34.8,-0.9,51.6,1,-0.5,0.4,770.377
-0.7,3.4,0.6,49.2,1.4,20.5,1.1,-34.8,-0.9,51.6,1,-0.5,0.4,770.387
-0.7,3.4,0.6,47.7,1.4,25.3,1.1,-34.8,-0.9,51.6,1,-0.5,0.4,770.397
-0.7,3.4,0.6,47.7,1.4,25.3,1.1,-34.8,-0.9,51.6,1,-0.5,0.4,770.407
-0.7,3.4,0.6,47.7,1.4,25.3,1.1,-34.8,-0.9,51.6,1,5.9,0.6,770.417
-0.5,3.4,0.6,47.7,1.4,25.3,1.1,-34.8,-0.9,51.6,1,5.9,0.6,770.427
-0.5,-0.7,0.6,47.7,1.4,25.3,1.1,-34.8,-0.9,51.6,1,5.9,0.6,770.437
-0.5,-0.7,0.6,47.7,1.4,25.3,1.1,-34.8,-0.9,51.6,1,5.9,0.6,770.448
-0.5,-0.7,0.6,47.7,1.4,25.3,1.1,-34.8,-0.9,51.6,1,5.9,0.6,770.457
-0.5,-0.7,0.6,47.7,1.4,25.3,1.1,-34.8,-0.9,51.6,1,5.9,0.6,770.467
-0.5,-0.7,0.6,47.7,1.4,25.3,1.1,-34.8,-0.9,51.6,1,5.9,0.6,770.477
-0.5,-0.7,0.6,47.7,1.4,25.3,1.1,-34.8,-0.9,51.6,1,5.9,0.6,770.487
-0.5,-0.7,0.6,46.5,1.4,28.4,1.1,-30.4,-0.9,52.7,0.8,9.8,0.4,770.497
-0.5,-0.7,0.6,46.5,1.4,28.4,1.1,-30.4,-0.9,52.7,0.8,9.8,0.4,770.508
-0.3,-0.7,0.6,46.5,1.4,28.4,1.1,-30.4,-0.9,52.7,0.8,9.8,0.4,770.517
-0.3,-5.3,0.6,46.5,1.4,28.4,1.1,-30.4,-0.9,52.7,0.8,9.8,0.4,770.527
-0.3,-5.3,0.6,46.5,1.4,28.4,1.1,-30.4,-0.9,52.7,0.8,9.8,0.4,770.537
-0.3,-5.3,0.6,46.5,1.4,28.4,1.1,-30.4,-0.7,52.7,0.8,9.8,0.4,770.547
-0.3,-5.3,0.6,46.5,1.4,28.4,1.1,-30.4,-0.7,52.7,0.8,9.8,0.4,770.557
-0.3,-5.3,0.6,46.5,1.4,28.4,1.1,-30.4,-0.7,52.7,0.8,9.8,0.4,770.567
-0.3,-5.3,0.6,46.5,1.4,28.4,1.1,-30.4,-0.7,52.7,0.8,9.8,0.4,770.577
-0.3,-5.3,0.6,43.5,1.4,33,1.1,-25.7,-0.7,54,1,9.8,0.4,770.587
-0.3,-5.3,0.6,43.5,1.4,33,1.1,-25.7,-0.7,54,1,9.8,0.4,770.597
-0.3,-5.3,0.6,43.5,1.4,33,1.1,-25.7,-0.7,54,1,15.3,0.4,770.608
-0.5,-5.3,0.6,43.5,1.4,33,1.1,-25.7,-0.7,54,1,15.3,0.4,770.617
-0.5,-5.3,0.6,43.5,1.4,33,1.1,-25.7,-0.7,54,1,15.3,0.4,770.627
-0.5,-10,0.6,43.5,1.4,33,1.1,-25.7,-0.9,54,1,15.3,0.4,770.637
-0.5,-10,0.6,43.5,1.4,33,1.1,-25.7,-0.9,54,1,15.3,0.4,770.647
-0.5,-10,0.6,43.5,1.4,33,1.1,-25.7,-0.9,54,1,15.3,0.4,770.657
-0.5,-10,0.6,43.5,1.4,33,1.1,-21.3,-0.9,54.4,1,15.3,0.4,770.667
-0.5,-10,0.6,41.8,1.4,36.1,1.1,-21.3,-0.9,54.4,1,15.3,0.4,770.677
-0.5,-10,0.6,41.8,1.4,36.1,1.1,-21.3,-0.9,54.4,1,18.8,0.4,770.687
-0.5,-10,0.6,41.8,1.4,36.1,1.1,-21.3,-0.9,54.4,1,18.8,0.4,770.697
-0.7,-10,0.6,41.8,1.4,36.1,1.1,-21.3,-0.9,54.4,1,18.8,0.4,770.708
-0.7,-10,0.6,41.8,1.4,36.1,1.1,-21.3,-0.9,54.4,1,18.8,0.4,770.717
-0.7,-14.6,0.6,41.8,1.4,36.1,1.1,-21.3,-0.9,54.4,1,18.8,0.4,770.727
-0.7,-14.6,0.6,41.8,1.4,36.1,1.1,-21.3,-0.7,54.4,1,18.8,0.4,770.737
-0.7,-14.6,0.6,41.8,1.4,36.1,1.1,-21.3,-0.7,54.4,1,18.8,0.4,770.747
-0.7,-14.6,0.6,41.8,1.4,36.1,1.1,-21.3,-0.7,54.4,1,18.8,0.4,770.757
-0.7,-14.6,0.6,41.8,1.4,36.1,1.1,-21.3,-0.7,54.4,1,18.8,0.4,770.767
-0.7,-14.6,0.6,38.4,1.4,39.4,1.1,-16.4,-0.7,54.4,1,18.8,0.4,770.777
-0.7,-14.6,0.6,38.4,1.4,39.4,1.1,-16.4,-0.7,54.4,1,18.8,0.4,770.787
-0.7,-14.6,0.6,38.4,1.4,39.4,1.1,-16.4,-0.7,54.4,1,24.1,0.4,770.797
-0.5,-14.6,0.6,38.4,1.4,39.4,1.1,-16.4,-0.7,54.4,1,24.1,0.4,770.807
-0.5,-14.6,0.6,38.4,1.4,39.4,1.1,-16.4,-0.7,54.4,1,24.1,0.4,770.817
-0.5,-18.4,0.6,38.4,1.4,39.4,1.1,-16.4,-0.7,54.4,1,24.1,0.4,770.828
-0.5,-18.4,0.6,38.4,1.4,39.4,1.1,-16.4,-0.7,54.4,1,24.1,0.4,770.837
-0.5,-18.4,0.6,38.4,1.4,39.4,1.1,-16.4,-0.7,54.4,1,24.1,0.4,770.847
-0.5,-18.4,0.6,38.4,1.4,41.7,1.1,-11.8,-0.7,54.2,1,24.1,0.4,770.857
-0.5,-18.4,0.6,38.4,1.4,41.7,1.1,-11.8,-0.7,54.2,1,24.1,0.4,770.867
-0.5,-18.4,0.6,35.2,1.4,41.7,1.1,-11.8,-0.7,54.2,0.8,24.1,0.4,770.877
-0.5,-18.4,0.6,35.2,1.4,41.7,1.1,-11.8,-0.7,54.2,0.8,27.6,0.4,770.887
-0.3,-18.4,0.6,35.2,1.4,41.7,1.1,-11.8,-0.7,54.2,0.8,27.6,0.4,770.897
-0.3,-18.4,0.6,35.2,1.4,41.7,1.1,-11.8,-0.7,54.2,0.8,27.6,0.4,770.908
-0.3,-23.7,0.6,35.2,1.4,41.7,1.1,-11.8,-0.7,54.2,0.8,27.6,0.4,770.917
-0.3,-23.7,0.6,35.2,1.4,41.7,1.1,-11.8,-0.7,54.2,0.8,27.6,0.4,770.927
-0.3,-23.7,0.6,35.2,1.4,41.7,1.1,-11.8,-0.7,54.2,0.8,27.6,0.4,770.938
-0.3,-23.7,0.6,35.2,1.4,41.7,0.8,-11.8,-0.7,54.2,0.8,27.6,0.4,770.947
-0.3,-23.7,0.6,35.2,1.4,41.7,0.8,-11.8,-0.7,54.2,0.8,27.6,0.4,770.957
-0.3,-23.7,0.6,35.2,1.4,41.7,0.8,-11.8,-0.7,54.2,0.8,27.6,0.4,770.967
-0.3,-23.7,0.6,30.6,1.4,44,0.8,-5.9,-0.7,53.1,0.8,31.9,0.4,770.977
-0.3,-23.7,0.6,30.6,1.4,44,0.8,-5.9,-0.7,53.1,0.8,31.9,0.4,770.987
-0.5,-23.7,0.6,30.6,1.4,44,0.8,-5.9,-0.7,53.1,0.8,31.9,0.4,770.997
-0.5,-27.3,0.6,30.6,1.4,44,0.8,-5.9,-0.7,53.1,0.8,31.9,0.4,771.007
-0.5,-27.3,0.6,30.6,1.4,44,0.8,-5.9,-0.7,53.1,0.8,31.9,0.4,771.017
-0.5,-27.3,0.6,30.6,1.4,44,0.8,-5.9,-0.7,53.1,0.8,31.9,0.4,771.027
-0.5,-27.3,0.6,30.6,1.4,44,0.8,-5.9,-0.7,53.1,0.8,31.9,0.4,771.037
-0.5,-27.3,0.6,30.6,1.4,44,0.8,-5.9,-0.7,53.1,0.8,31.9,0.4,771.048
-0.5,-27.3,0.6,27.2,1.4,45.9,1.1,-1.3,-0.7,51.2,0.8,31.9,0.4,771.057
-0.5,-27.3,0.6,27.2,1.4,45.9,1.1,-1.3,-0.7,51.2,0.8,35.2,0.6,771.067
-0.5,-27.3,0.6,27.2,1.4,45.9,1.1,-1.3,-0.7,51.2,0.8,35.2,0.6,771.077
-0.7,-27.3,0.6,27.2,1.4,45.9,1.1,-1.3,-0.7,51.2,0.8,35.2,0.6,771.087
-0.7,-27.3,0.6,27.2,1.4,45.9,1.1,-1.3,-0.7,51.2,0.8,35.2,0.6,771.097
-0.7,-31.5,0.6,27.2,1.4,45.9,1.1,-1.3,-0.7,51.2,0.8,35.2,0.6,771.107
-0.7,-31.5,0.6,27.2,1.4,45.9,1.1,-1.3,-0.7,51.2,0.8,35.2,0.6,771.117
-0.7,-31.5,0.6,27.2,1.4,45.9,1.1,-1.3,-0.7,51.2,0.8,35.2,0.6,771.127
-0.7,-31.5,0.6,27.2,1.4,45.9,0.8,5,-0.7,48.9,0.8,35.2,0.6,771.137
-0.7,-31.5,0.6,21.4,1.4,47.2,0.8,5,-0.7,48.9,0.8,35.2,0.6,771.147
-0.7,-31.5,0.6,21.4,1.4,47.2,0.8,5,-0.7,48.9,0.8,35.2,0.6,771.157
-0.7,-31.5,0.6,21.4,1.4,47.2,0.8,5,-0.7,48.9,0.8,39.2,0.4,771.167
-0.7,-31.5,0.6,21.4,1.4,47.2,0.8,5,-0.7,48.9,0.8,39.2,0.4,771.177
-0.5,-31.5,0.6,21.4,1.4,47.2,0.8,5,-0.7,48.9,0.8,39.2,0.4,771.187
-0.5,-35,0.6,21.4,1.4,47.2,0.8,5,-0.7,48.9,0.8,39.2,0.4,771.197
-0.5,-35,0.6,21.4,1.4,47.2,0.8,5,-0.7,48.9,0.8,39.2,0.4,771.207
-0.5,-35,0.6,21.4,1.4,47.2,0.8,5,-0.9,48.9,0.8,39.2,0.4,771.217
-0.5,-35,0.6,21.4,1.4,47.2,0.8,5,-0.9,48.9,0.8,39.2,0.4,771.227
-0.5,-35,0.6,21.4,1.4,47.2,0.8,5,-0.9,48.9,0.8,39.2,0.4,771.237
-0.5,-35,0.6,21.4,1.4,47.2,0.8,5,-0.9,48.9,0.8,39.2,0.4,771.247
-0.5,-35,0.6,17.8,1.4,48,0.8,9,-0.9,46.5,0.8,41.1,0.4,771.257
-0.3,-35,0.6,17.8,1.4,48,0.8,9,-0.9,46.5,0.8,41.1,0.4,771.267
-0.3,-35,0.6,17.8,1.4,48,0.8,9,-0.9,46.5,0.8,41.1,0.4,771.277
-0.3,-38.6,0.6,17.8,1.4,48,0.8,9,-0.9,46.5,0.8,41.1,0.4,771.287
-0.3,-38.6,0.6,17.8,1.4,48,0.8,9,-0.7,46.5,0.8,41.1,0.4,771.297
-0.3,-38.6,0.6,17.8,1.4,48,0.8,9,-0.7,46.5,0.8,41.1,0.4,771.307
-0.3,-38.6,0.6,17.8,1.4,48,0.8,9,-0.7,46.5,0.8,41.1,0.4,771.317
-0.3,-38.6,0.6,17.8,1.4,48,0.8,9,-0.7,46.5,0.8,41.1,0.4,771.327
-0.3,-38.6,0.6,17.8,1.4,48,0.8,9,-0.7,46.5,0.8,41.1,0.4,771.337
-0.3,-38.6,0.6,11.5,1.4,48.4,0.8,14.6,-0.7,43.3,0.8,41.1,0.4,771.347
-0.3,-38.6,0.4,11.5,1.4,48.4,0.8,14.6,-0.7,43.3,0.8,44.7,0.4,771.358
-0.3,-38.6,0.4,11.5,1.4,48.4,0.8,14.6,-0.7,43.3,0.8,44.7,0.4,771.367
-0.5,-38.6,0.4,11.5,1.6,48.4,0.8,14.6,-0.7,43.3,0.8,44.7,0.4,771.377
-0.5,-41.2,0.4,11.5,1.6,48.4,0.8,14.6,-0.9,43.3,0.8,44.7,0.4,771.387
-0.5,-41.2,0.4,11.5,1.6,48.4,0.8,14.6,-0.9,43.3,0.8,44.7,0.4,771.397
-0.5,-41.2,0.4,11.5,1.6,48.4,0.8,14.6,-0.9,43.3,0.8,44.7,0.4,771.407
-0.5,-41.2,0.4,11.5,1.6,48.4,1.1,18.6,-0.9,40.5,0.8,44.7,0.4,771.417
-0.5,-41.2,0.4,8.3,1.6,48.4,1.1,18.6,-0.9,40.5,0.8,44.7,0.4,771.427
-0.5,-41.2,0.4,8.3,1.6,48.4,1.1,18.6,-0.9,40.5,0.8,44.7,0.4,771.437
-0.5,-41.2,0.4,8.3,1.6,48.4,1.1,18.6,-0.9,40.5,0.8,46.2,0.4,771.447
-0.5,-41.2,0.6,8.3,1.6,48.4,1.1,18.6,-0.9,40.5,0.8,46.2,0.4,771.457
-0.5,-41.2,0.6,8.3,1.6,48.4,1.1,18.6,-0.9,40.5,0.8,46.2,0.4,771.467
-0.5,-43.4,0.6,8.3,1.4,48.4,1.1,18.6,-0.9,40.5,0.8,46.2,0.4,771.477
-0.5,-43.4,0.6,8.3,1.4,48.4,1.1,18.6,-0.9,40.5,0.8,46.2,0.4,771.487
-0.5,-43.4,0.6,8.3,1.4,48.4,1.1,18.6,-0.7,40.5,0.8,46.2,0.4,771.497
-0.5,-43.4,0.6,8.3,1.4,48.4,0.8,18.6,-0.7,40.5,0.8,46.2,0.4,771.507
-0.5,-43.4,0.6,8.3,1.4,48.4,0.8,18.6,-0.7,40.5,0.8,46.2,0.4,771.517
-0.5,-43.4,0.6,2.6,1.4,47.2,0.8,24.1,-0.7,35.6,0.8,46.2,0.4,771.527
-0.5,-43.4,0.6,2.6,1.4,47.2,0.8,24.1,-0.7,35.6,1,47.7,0.6,771.537
-0.7,-43.4,0.6,2.6,1.4,47.2,0.8,24.1,-0.7,35.6,1,47.7,0.6,771.547
-0.7,-43.4,0.6,2.6,1.4,47.2,0.8,24.1,-0.7,35.6,1,47.7,0.6,771.557
-0.7,-45.6,0.6,2.6,1.6,47.2,0.8,24.1,-0.7,35.6,1,47.7,0.6,771.567
-0.7,-45.6,0.6,2.6,1.6,47.2,0.8,24.1,-0.9,35.6,1,47.7,0.6,771.577
-0.7,-45.6,0.6,2.6,1.6,47.2,0.8,24.1,-0.9,35.6,1,47.7,0.6,771.587
-0.7,-45.6,0.6,2.6,1.6,47.2,0.8,24.1,-0.9,35.6,1,47.7,0.6,771.597
-0.7,-45.6,0.6,2.6,1.6,47.2,0.8,24.1,-0.9,35.6,1,47.7,0.6,771.607
-0.7,-45.6,0.6,-1.7,1.6,46.1,1.1,27.2,-0.9,31.8,0.8,47.7,0.6,771.617
-0.7,-45.6,0.6,-1.7,1.6,46.1,1.1,27.2,-0.9,31.8,0.8,47.7,0.6,771.627
-0.7,-45.6,0.4,-1.7,1.6,46.1,1.1,27.2,-0.9,31.8,0.8,48.6,0.4,771.637
-0.7,-45.6,0.4,-1.7,1.6,46.1,1.1,27.2,-0.9,31.8,0.8,48.6,0.4,771.647
-0.7,-45.6,0.4,-1.7,1.6,46.1,1.1,27.2,-0.9,31.8,0.8,48.6,0.4,771.657
-0.7,-47,0.4,-1.7,1.6,46.1,1.1,27.2,-0.7,31.8,0.8,48.6,0.4,771.667
-0.7,-47,0.4,-1.7,1.6,46.1,1.1,27.2,-0.7,31.8,0.8,48.6,0.4,771.677
-0.7,-47,0.4,-1.7,1.6,46.1,1.1,27.2,-0.7,31.8,0.8,48.6,0.4,771.687
-0.7,-47,0.4,-1.7,1.6,46.1,0.8,32,-0.7,26.9,0.8,48.6,0.4,771.697
-0.7,-47,0.4,-1.7,1.6,46.1,0.8,32,-0.7,26.9,0.8,48.6,0.4,771.707
-0.7,-47,0.4,-6.9,1.6,43.8,0.8,32,-0.7,26.9,1,48.6,0.4,771.717
-0.7,-47,0.4,-6.9,1.6,43.8,0.8,32,-0.7,26.9,1,49.3,0.4,771.727
-0.3,-47,0.6,-6.9,1.6,43.8,0.8,32,-0.7,26.9,1,49.3,0.4,771.737
-0.3,-47,0.6,-6.9,1.6,43.8,0.8,32,-0.7,26.9,1,49.3,0.4,771.747
-0.3,-48.7,0.6,-6.9,1.9,43.8,0.8,32,-0.7,26.9,1,49.3,0.4,771.757
-0.3,-48.7,0.6,-6.9,1.9,43.8,0.8,32,-0.9,26.9,1,49.3,0.4,771.767
-0.3,-48.7,0.6,-6.9,1.9,43.8,0.8,32,-0.9,26.9,1,49.3,0.4,771.777
-0.3,-48.7,0.6,-6.9,1.9,43.8,0.8,32,-0.9,26.9,1,49.3,0.4,771.787
-0.3,-48.7,0.6,-6.9,1.9,43.8,0.8,32,-0.9,26.9,1,49.3,0.4,771.797
-0.3,-48.7,0.6,-11.1,1.9,42.6,0.8,34.8,-0.9,23.1,1,49.3,0.4,771.807
-0.3,-48.7,0.6,-11.1,1.9,42.6,0.8,34.8,-0.9,23.1,1,49.3,0.4,771.817
-0.3,-48.7,0.6,-11.1,1.9,42.6,0.8,34.8,-0.9,23.1,1,49.3,0.4,771.827
-0.5,-48.7,0.4,-11.1,1.9,42.6,0.8,34.8,-0.9,23.1,1,49.3,0.4,771.837
-0.5,-49.5,0.4,-11.1,1.9,42.6,0.8,34.8,-0.9,23.1,1,49.3,0.4,771.847
-0.5,-49.5,0.4,-11.1,1.9,42.6,0.8,34.8,-0.9,23.1,1,49.3,0.4,771.857
-0.5,-49.5,0.4,-11.1,1.9,42.6,0.8,34.8,-0.7,23.1,1,49.3,0.4,771.869
-0.5,-49.5,0.4,-11.1,1.9,42.6,0.8,34.8,-0.7,23.1,1,49.3,0.4,771.878
-0.5,-49.5,0.4,-11.1,1.9,42.6,0.8,34.8,-0.7,23.1,1,49.3,0.4,771.887
-0.5,-49.5,0.4,-11.1,1.9,42.6,0.8,34.8,-0.7,23.1,1,49.3,0.4,771.897
-0.5,-49.5,0.4,-16.3,1.9,39.2,0.8,38.8,-0.7,16.9,1.2,49.3,0.4,771.907
-0.5,-49.5,0.4,-16.3,1.9,39.2,0.8,38.8,-0.7,16.9,1.2,49.7,0.4,771.917
-0.5,-49.5,0.4,-16.3,1.9,39.2,0.8,38.8,-0.7,16.9,1.2,49.7,0.4,771.927
-0.7,-49.5,0.4,-16.3,1.9,39.2,0.8,38.8,-0.7,16.9,1.2,49.7,0.4,771.937
-0.7,-49.5,0.4,-16.3,1.9,39.2,0.8,38.8,-0.9,16.9,1.2,49.7,0.4,771.947
-0.7,-49.5,0.4,-16.3,1.9,39.2,0.8,38.8,-0.9,16.9,1.2,49.7,0.4,771.957
-0.7,-49.5,0.4,-16.3,1.9,39.2,0.8,38.8,-0.9,16.9,1.2,49.7,0.4,771.968
-0.7,-49.5,0.4,-16.3,1.9,36.7,0.8,41.1,-0.9,12.6,1.2,49.7,0.4,771.977
-0.7,-49.5,0.4,-16.3,1.9,36.7,0.8,41.1,-0.9,12.6,1.2,49.7,0.4,771.987
-0.7,-49.5,0.4,-20.7,1.9,36.7,0.8,41.1,-0.9,12.6,1.2,49.7,0.4,771.997
-0.7,-49.5,0.4,-20.7,1.9,36.7,0.8,41.1,-0.9,12.6,1.2,49,0.4,772.007
-0.7,-49.5,0.4,-20.7,1.9,36.7,0.8,41.1,-0.9,12.6,1.2,49,0.4,772.017
-0.7,-49.5,0.4,-20.7,1.9,36.7,0.8,41.1,-0.9,12.6,1.2,49,0.4,772.028
-0.7,-49.5,0.4,-20.7,1.9,36.7,0.8,41.1,-0.9,12.6,1.2,49,0.4,772.037
-0.7,-49.3,0.4,-20.7,1.9,36.7,0.8,41.1,-0.9,12.6,1.2,49,0.4,772.047
-0.7,-49.3,0.4,-20.7,1.9,36.7,0.8,41.1,-0.9,12.6,1.2,49,0.4,772.057
-0.7,-49.3,0.4,-20.7,1.9,36.7,0.8,41.1,-0.9,12.6,1.2,49,0.4,772.068
-0.7,-49.3,0.4,-26.1,1.9,33,0.8,43.8,-0.9,6.6,1.2,49,0.4,772.077
-0.7,-49.3,0.4,-26.1,1.9,33,0.8,43.8,-0.9,6.6,1.2,49,0.4,772.087
-0.7,-49.3,0.4,-26.1,1.9,33,0.8,43.8,-0.9,6.6,1.2,47.7,0.4,772.097
-0.7,-49.3,0.4,-26.1,1.9,33,0.8,43.8,-0.9,6.6,1.2,47.7,0.4,772.107
-0.3,-49.3,0.6,-26.1,1.9,33,0.8,43.8,-0.9,6.6,1.2,47.7,0.4,772.117
-0.3,-48.1,0.6,-26.1,1.9,33,0.8,43.8,-0.9,6.6,1.2,47.7,0.4,772.128
-0.3,-48.1,0.6,-26.1,1.9,33,0.8,43.8,-0.9,6.6,1.2,47.7,0.4,772.137
-0.3,-48.1,0.6,-26.1,1.9,33,0.8,43.8,-0.9,6.6,1.2,47.7,0.4,772.147
-0.3,-48.1,0.6,-26.1,1.9,33,0.8,43.8,-0.9,6.6,1.2,47.7,0.4,772.157
-0.3,-48.1,0.6,-26.1,1.9,33,0.8,43.8,-0.9,6.6,1.2,47.7,0.4,772.167
-0.3,-48.1,0.6,-26.1,1.9,33,0.8,43.8,-0.9,6.6,1.2,47.7,0.4,772.177
-0.3,-48.1,0.6,-29.5,1.9,29.8,1.1,45.5,-0.9,1.7,1.2,47.7,0.4,772.187
-0.3,-48.1,0.6,-29.5,1.9,29.8,1.1,45.5,-0.9,1.7,1.2,47.7,0.4,772.197
-0.3,-48.1,0.4,-29.5,1.9,29.8,1.1,45.5,-0.9,1.7,1.2,46.2,0.4,772.207
-0.5,-48.1,0.4,-29.5,1.9,29.8,1.1,45.5,-0.9,1.7,1.2,46.2,0.4,772.217
-0.5,-47,0.4,-29.5,1.9,29.8,1.1,45.5,-0.9,1.7,1.2,46.2,0.4,772.227
-0.5,-47,0.4,-29.5,1.9,29.8,1.1,45.5,-0.9,1.7,1.2,46.2,0.4,772.237
-0.5,-47,0.4,-29.5,1.9,29.8,1.1,45.5,-0.9,1.7,1.2,46.2,0.4,772.247
-0.5,-47,0.4,-29.5,1.9,25.7,0.8,47.1,-0.9,-4,1.2,46.2,0.4,772.257
-0.5,-47,0.4,-29.5,1.9,25.7,0.8,47.1,-0.9,-4,1.2,46.2,0.4,772.267
-0.5,-47,0.4,-33.3,1.9,25.7,0.8,47.1,-0.9,-4,1.2,46.2,0.4,772.277
-0.5,-47,0.4,-33.3,1.9,25.7,0.8,47.1,-0.9,-4,1.2,43.1,0.4,772.287
-0.5,-47,0.4,-33.3,1.9,25.7,0.8,47.1,-0.9,-4,1.2,43.1,0.4,772.297
-0.7,-47,0.6,-33.3,1.9,25.7,0.8,47.1,-0.9,-4,1.2,43.1,0.4,772.307
-0.7,-47,0.6,-33.3,1.9,25.7,0.8,47.1,-0.9,-4,1.2,43.1,0.4,772.317
-0.7,-44.6,0.6,-33.3,1.9,25.7,0.8,47.1,-0.9,-4,1.2,43.1,0.4,772.327
-0.7,-44.6,0.6,-33.3,1.9,25.7,0.8,47.1,-0.7,-4,1.2,43.1,0.4,772.337
-0.7,-44.6,0.6,-33.3,1.9,25.7,0.8,47.1,-0.7,-4,1.2,43.1,0.4,772.347
-0.7,-44.6,0.6,-36.6,1.9,22.3,1.1,48.4,-0.7,-9.1,1.2,43.1,0.4,772.357
-0.7,-44.6,0.6,-36.6,1.9,22.3,1.1,48.4,-0.7,-9.1,1.2,43.1,0.4,772.367
-0.7,-44.6,0.6,-36.6,1.9,22.3,1.1,48.4,-0.7,-9.1,1.4,41.4,0.4,772.377
-0.5,-44.6,0.6,-36.6,1.9,22.3,1.1,48.4,-0.7,-9.1,1.4,41.4,0.4,772.387
-0.5,-44.6,0.6,-36.6,1.9,22.3,1.1,48.4,-0.7,-9.1,1.4,41.4,0.4,772.397
-0.5,-43,0.6,-36.6,1.9,22.3,1.1,48.4,-0.7,-9.1,1.4,41.4,0.4,772.407
-0.5,-43,0.6,-36.6,1.9,22.3,1.1,48.4,-0.7,-9.1,1.4,41.4,0.4,772.417
-0.5,-43,0.6,-36.6,1.9,22.3,1.1,48.4,-0.9,-9.1,1.4,41.4,0.4,772.427
-0.5,-43,0.6,-36.6,1.9,22.3,1.1,48.4,-0.9,-9.1,1.4,41.4,0.4,772.437
-0.5,-43,0.6,-36.6,1.9,22.3,1.1,48.4,-0.9,-9.1,1.4,41.4,0.4,772.447
-0.5,-43,0.6,-36.6,1.9,22.3,1.1,48.4,-0.9,-9.1,1.4,41.4,0.4,772.457
-0.5,-43,0.6,-39.8,1.9,18.4,0.8,48.8,-0.9,-15,1.2,41.4,0.4,772.467
-0.5,-43,0.6,-39.8,1.9,18.4,0.8,48.8,-0.9,-15,1.2,37.4,0.4,772.477
-0.5,-43,0.6,-39.8,1.9,18.4,0.8,48.8,-0.9,-15,1.2,37.4,0.4,772.488
-0.3,-40,0.6,-39.8,1.9,18.4,0.8,48.8,-0.9,-15,1.2,37.4,0.4,772.497
-0.3,-40,0.6,-39.8,1.9,18.4,0.8,48.8,-0.9,-15,1.2,37.4,0.4,772.507
-0.3,-40,0.6,-39.8,1.9,18.4,0.8,48.8,-0.7,-15,1.2,37.4,0.4,772.517
-0.3,-40,0.6,-39.8,1.9,18.4,0.8,48.8,-0.7,-15,1.2,37.4,0.4,772.527
-0.3,-40,0.6,-39.8,1.9,18.4,0.8,48.8,-0.7,-15,1.2,37.4,0.4,772.537
-0.3,-40,0.6,-39.8,1.9,14.6,1.1,49.7,-0.7,-19.9,1.2,37.4,0.4,772.547
-0.3,-40,0.6,-41.6,1.9,14.6,1.1,49.7,-0.7,-19.9,1.2,37.4,0.4,772.557
-0.3,-40,0.6,-41.6,1.9,14.6,1.1,49.7,-0.7,-19.9,1.2,37.4,0.4,772.568
-0.3,-40,0.6,-41.6,1.9,14.6,1.1,49.7,-0.7,-19.9,1.2,35,0.4,772.577
-0.3,-40,0.6,-41.6,1.9,14.6,1.1,49.7,-0.7,-19.9,1.2,35,0.4,772.587
-0.5,-40,0.6,-41.6,1.9,14.6,1.1,49.7,-0.7,-19.9,1.2,35,0.4,772.597
-0.5,-36.8,0.6,-41.6,1.9,14.6,1.1,49.7,-0.7,-19.9,1.2,35,0.4,772.607
-0.5,-36.8,0.6,-41.6,1.9,14.6,1.1,49.7,-0.9,-19.9,1.2,35,0.4,772.618
-0.5,-36.8,0.6,-41.6,1.9,14.6,1.1,49.7,-0.9,-19.9,1.2,35,0.4,772.627
-0.5,-36.8,0.6,-41.6,1.9,14.6,1.1,49.7,-0.9,-19.9,1.2,35,0.4,772.637
-0.5,-36.8,0.6,-44,1.9,10,1.1,49.7,-0.9,-25.2,1.2,35,0.4,772.648
-0.5,-36.8,0.6,-44,1.9,10,1.1,49.7,-0.9,-25.2,1.2,35,0.4,772.657
-0.5,-36.8,0.6,-44,1.9,10,1.1,49.7,-0.9,-25.2,1.2,30,0.4,772.667
-0.7,-36.8,0.6,-44,1.9,10,1.1,49.7,-0.9,-25.2,1.2,30,0.4,772.677
-0.7,-36.8,0.6,-44,1.9,10,1.1,49.7,-0.9,-25.2,1.2,30,0.4,772.687
-0.7,-32.9,0.6,-44,1.6,10,1.1,49.7,-0.9,-25.2,1.2,30,0.4,772.697
-0.7,-32.9,0.6,-44,1.6,10,1.1,49.7,-0.9,-25.2,1.2,30,0.4,772.708
-0.7,-32.9,0.6,-44,1.6,10,1.1,49.7,-0.9,-25.2,1.2,30,0.4,772.717
-0.7,-32.9,0.6,-44,1.6,10,1.1,49.7,-0.9,-25.2,1.2,30,0.4,772.727
-0.7,-32.9,0.6,-44,1.6,10,1.1,49.7,-0.9,-25.2,1.2,30,0.4,772.737
-0.7,-32.9,0.6,-44,1.6,10,1.1,49.7,-0.9,-25.2,1.2,30,0.4,772.747
-0.7,-32.9,0.6,-45.6,1.6,6.7,1.1,49.7,-0.9,-29.4,1.2,30,0.4,772.757
-0.7,-32.9,0.4,-45.6,1.6,6.7,1.1,49.7,-0.9,-29.4,1.2,27.1,0.6,772.767
-0.7,-32.9,0.4,-45.6,1.6,6.7,1.1,49.7,-0.9,-29.4,1.2,27.1,0.6,772.777
-0.5,-29.9,0.4,-45.6,1.6,6.7,1.1,49.7,-0.9,-29.4,1.2,27.1,0.6,772.787
-0.5,-29.9,0.4,-45.6,1.9,6.7,1.1,49.7,-0.7,-29.4,1.2,27.1,0.6,772.797
-0.5,-29.9,0.4,-45.6,1.9,6.7,1.1,49.7,-0.7,-29.4,1.2,27.1,0.6,772.807
-0.5,-29.9,0.4,-45.6,1.9,6.7,1.1,49.7,-0.7,-29.4,1.2,27.1,0.6,772.817
-0.5,-29.9,0.4,-45.6,1.9,6.7,1.1,49.7,-0.7,-29.4,1.2,27.1,0.6,772.827
-0.5,-29.9,0.4,-46.6,1.9,1.5,1.1,48.8,-0.7,-34.1,1,27.1,0.6,772.838
-0.5,-29.9,0.4,-46.6,1.9,1.5,1.1,48.8,-0.7,-34.1,1,27.1,0.6,772.847
-0.5,-29.9,0.4,-46.6,1.9,1.5,1.1,48.8,-0.7,-34.1,1,21.4,0.4,772.857
-0.3,-29.9,0.4,-46.6,1.9,1.5,1.1,48.8,-0.7,-34.1,1,21.4,0.4,772.867
-0.3,-29.9,0.4,-46.6,1.9,1.5,1.1,48.8,-0.7,-34.1,1,21.4,0.4,772.877
-0.3,-25.1,0.4,-46.6,1.6,1.5,1.1,48.8,-0.7,-34.1,1,21.4,0.4,772.887
-0.3,-25.1,0.4,-46.6,1.6,1.5,1.1,48.8,-0.7,-34.1,1,21.4,0.4,772.897
-0.3,-25.1,0.4,-46.6,1.6,1.5,1.1,48.8,-0.9,-34.1,1,21.4,0.4,772.907
-0.3,-25.1,0.4,-46.6,1.6,1.5,1.1,48.8,-0.9,-34.1,1,21.4,0.4,772.917
-0.3,-25.1,0.4,-46.6,1.6,1.5,1.1,48.8,-0.9,-34.1,1,21.4,0.4,772.927
-0.3,-25.1,0.4,-47.4,1.6,-2.7,1.1,48.2,-0.9,-38.6,1,21.4,0.4,772.937
-0.3,-25.1,0.4,-47.4,1.6,-2.7,1.1,48.2,-0.9,-38.6,1,17.9,0.4,772.947
-0.3,-25.1,0.4,-47.4,1.6,-2.7,1.1,48.2,-0.9,-38.6,1,17.9,0.4,772.957
-0.5,-25.1,0.6,-47.4,1.6,-2.7,1.1,48.2,-0.9,-38.6,1,17.9,0.4,772.967
-0.5,-25.1,0.6,-47.4,1.6,-2.7,1.1,48.2,-0.9,-38.6,1,17.9,0.4,772.977
-0.5,-21.2,0.6,-47.4,1.6,-2.7,1.1,48.2,-0.9,-38.6,1,17.9,0.4,772.987
-0.5,-21.2,0.6,-47.4,1.6,-2.7,1.1,48.2,-0.7,-38.6,1,17.9,0.4,772.997
-0.5,-21.2,0.6,-47.4,1.6,-2.7,1.1,48.2,-0.7,-38.6,1,17.9,0.4,773.007
-0.5,-21.2,0.6,-47.4,1.6,-2.7,1.1,48.2,-0.7,-38.6,1,17.9,0.4,773.017
-0.5,-21.2,0.6,-48.2,1.6,-7.1,1.1,46.3,-0.7,-42.3,1,17.9,0.4,773.027
-0.5,-21.2,0.6,-48.2,1.6,-7.1,1.1,46.3,-0.7,-42.3,1,17.9,0.4,773.037
-0.5,-21.2,0.6,-48.2,1.6,-7.1,1.1,46.3,-0.7,-42.3,1,12.2,0.4,773.047
-0.5,-21.2,0.6,-48.2,1.6,-7.1,1.1,46.3,-0.7,-42.3,1,12.2,0.4,773.057
-0.7,-16.4,0.6,-48.2,1.6,-7.1,1.1,46.3,-0.7,-42.3,1,12.2,0.4,773.067
-0.7,-16.4,0.6,-48.2,1.6,-7.1,1.1,46.3,-0.7,-42.3,1,12.2,0.4,773.077
-0.7,-16.4,0.6,-48.2,1.6,-7.1,1.1,46.3,-0.7,-42.3,1,12.2,0.4,773.087
-0.7,-16.4,0.6,-48.2,1.6,-7.1,1.1,46.3,-0.7,-42.3,1,12.2,0.4,773.098
-0.7,-16.4,0.6,-48.2,1.6,-11.7,1.1,44.8,-0.7,-46.4,1,12.2,0.4,773.107
-0.7,-16.4,0.6,-48.2,1.6,-11.7,1.1,44.8,-0.7,-46.4,1,12.2,0.4,773.117
-0.7,-16.4,0.6,-48.4,1.6,-11.7,1.1,44.8,-0.7,-46.4,1,12.2,0.4,773.127
-0.7,-16.4,0.6,-48.4,1.6,-11.7,1.1,44.8,-0.7,-46.4,1,12.2,0.4,773.137
-0.7,-16.4,0.6,-48.4,1.6,-11.7,1.1,44.8,-0.7,-46.4,1,8.3,0.4,773.147
-0.3,-16.4,0.6,-48.4,1.6,-11.7,1.1,44.8,-0.7,-46.4,1,8.3,0.4,773.157
-0.3,-16.4,0.6,-48.4,1.6,-11.7,1.1,44.8,-0.7,-46.4,1,8.3,0.4,773.167
-0.3,-12.6,0.6,-48.4,1.6,-11.7,1.1,44.8,-0.7,-46.4,1,8.3,0.4,773.177
-0.3,-12.6,0.6,-48.4,1.6,-11.7,1.1,44.8,-0.7,-46.4,1,8.3,0.4,773.187
-0.3,-12.6,0.6,-48.4,1.6,-11.7,1.1,44.8,-0.7,-46.4,1,8.3,0.4,773.197
-0.3,-12.6,0.6,-48.4,1.6,-11.7,1.1,44.8,-0.7,-46.4,1,8.3,0.4,773.207
-0.3,-12.6,0.6,-48.4,1.6,-11.7,1.1,44.8,-0.7,-46.4,1,8.3,0.4,773.217
-0.3,-12.6,0.6,-48.6,1.6,-16.9,1.1,43.2,-0.7,-49.2,1,8.3,0.4,773.227
-0.3,-12.6,0.6,-48.6,1.6,-16.9,1.1,43.2,-0.7,-49.2,1,2.4,0.4,773.237
-0.5,-12.6,0.6,-48.6,1.6,-16.9,1.1,43.2,-0.7,-49.2,1,2.4,0.4,773.247
-0.5,-12.6,0.6,-48.6,1.6,-16.9,1.1,43.2,-0.7,-49.2,1,2.4,0.4,773.257
-0.5,-7.1,0.6,-48.6,1.6,-16.9,1.1,43.2,-0.7,-49.2,1,2.4,0.4,773.267
-0.5,-7.1,0.6,-48.6,1.6,-16.9,1.1,43.2,-0.5,-49.2,1,2.4,0.4,773.278
-0.5,-7.1,0.6,-48.6,1.6,-16.9,1.1,43.2,-0.5,-49.2,1,2.4,0.4,773.287
-0.5,-7.1,0.6,-48.6,1.6,-16.9,1.1,43.2,-0.5,-49.2,1,2.4,0.4,773.297
-0.5,-7.1,0.6,-48.6,1.6,-16.9,1.1,43.2,-0.5,-49.2,1,2.4,0.4,773.307
-0.5,-7.1,0.6,-48.6,1.6,-20.3,1.1,40,-0.5,-51.7,0.8,2.4,0.4,773.318
-0.5,-7.1,0.6,-48.6,1.6,-20.3,1.1,40,-0.5,-51.7,0.8,2.4,0.4,773.327
-0.5,-7.1,0.6,-48.6,1.6,-20.3,1.1,40,-0.5,-51.7,0.8,-1.7,0.4,773.337
-0.7,-3.1,0.6,-48.6,1.6,-20.3,1.1,40,-0.5,-51.7,0.8,-1.7,0.4,773.347
-0.7,-3.1,0.6,-48.6,1.6,-20.3,1.1,40,-0.5,-51.7,0.8,-1.7,0.4,773.357
-0.7,-3.1,0.6,-48.6,1.6,-20.3,1.1,40,-0.7,-51.7,0.8,-1.7,0.4,773.367
-0.7,-3.1,0.6,-48.6,1.6,-20.3,1.1,40,-0.7,-51.7,0.8,-1.7,0.4,773.378
-0.7,-3.1,0.6,-48.6,1.6,-20.3,1.1,40,-0.7,-51.7,0.8,-1.7,0.4,773.387
-0.7,-3.1,0.6,-48.6,1.6,-25.3,1.1,35.4,-0.7,-54.3,0.8,-1.7,0.4,773.397
-0.7,-3.1,0.6,-48.6,1.6,-25.3,1.1,35.4,-0.7,-54.3,0.8,-1.7,0.4,773.407
-0.7,-3.1,0.6,-46.6,1.6,-25.3,1.1,35.4,-0.7,-54.3,0.8,-1.7,0.4,773.417
-0.7,-3.1,0.6,-46.6,1.6,-25.3,1.1,35.4,-0.7,-54.3,0.8,-7.1,0.6,773.427
-0.5,-3.1,0.6,-46.6,1.6,-25.3,1.1,35.4,-0.7,-54.3,0.8,-7.1,0.6,773.437
-0.5,-3.1,0.6,-46.6,1.6,-25.3,1.1,35.4,-0.7,-54.3,0.8,-7.1,0.6,773.447
-0.5,2.2,0.6,-46.6,1.6,-25.3,1.1,35.4,-0.7,-54.3,0.8,-7.1,0.6,773.457
-0.5,2.2,0.6,-46.6,1.6,-25.3,1.1,35.4,-0.3,-54.3,0.8,-7.1,0.6,773.467
-0.5,2.2,0.6,-46.6,1.6,-25.3,1.1,35.4,-0.3,-54.3,0.8,-7.1,0.6,773.477
-0.5,2.2,0.6,-46.6,1.6,-25.3,1.1,35.4,-0.3,-54.3,0.8,-7.1,0.6,773.487
-0.5,2.2,0.6,-45.6,1.6,-29.3,1.1,32,-0.3,-55.8,0.8,-7.1,0.6,773.497
-0.5,2.2,0.6,-45.6,1.6,-29.3,1.1,32,-0.3,-55.8,0.8,-7.1,0.6,773.507
-0.5,2.2,0.6,-45.6,1.6,-29.3,1.1,32,-0.3,-55.8,0.8,-11.4,0.4,773.517
-0.5,2.2,0.6,-45.6,1.6,-29.3,1.1,32,-0.3,-55.8,0.8,-11.4,0.4,773.527
-0.5,2.2,0.4,-45.6,1.6,-29.3,1.1,32,-0.3,-55.8,0.8,-11.4,0.4,773.537
-0.5,6,0.4,-45.6,1.6,-29.3,1.1,32,-0.3,-55.8,0.8,-11.4,0.4,773.547
-0.5,6,0.4,-45.6,1.6,-29.3,1.1,32,-0.3,-55.8,0.8,-11.4,0.4,773.558
-0.5,6,0.4,-45.6,1.6,-29.3,1.1,32,-0.3,-55.8,0.8,-11.4,0.4,773.567
-0.5,6,0.4,-45.6,1.6,-29.3,1.1,32,-0.3,-55.8,0.8,-11.4,0.4,773.577
-0.5,6,0.4,-45.6,1.6,-29.3,1.1,32,-0.3,-55.8,0.8,-11.4,0.4,773.587
-0.5,6,0.4,-45.6,1.6,-29.3,1.1,32,-0.3,-55.8,0.8,-11.4,0.4,773.597
-0.5,6,0.4,-42.2,1.6,-33.7,1.1,26.8,-0.3,-56,0.6,-11.4,0.4,773.607
-0.5,6,0.4,-42.2,1.6,-33.7,1.1,26.8,-0.3,-56,0.6,-11.4,0.4,773.617
-0.7,6,0.4,-42.2,1.6,-33.7,1.1,26.8,-0.3,-56,0.6,-17.4,0.4,773.627
-0.7,11.5,0.4,-42.2,1.6,-33.7,1.1,26.8,-0.3,-56,0.6,-17.4,0.4,773.637
-0.7,11.5,0.4,-42.2,1.6,-33.7,1.1,26.8,-0.3,-56,0.6,-17.4,0.4,773.647
-0.7,11.5,0.4,-42.2,1.6,-33.7,1.1,26.8,-0.3,-56,0.6,-17.4,0.4,773.657
-0.7,11.5,0.4,-42.2,1.6,-33.7,1.1,26.8,-0.3,-56,0.6,-17.4,0.4,773.668
-0.7,11.5,0.4,-42.2,1.6,-33.7,1.1,26.8,-0.3,-56,0.6,-17.4,0.4,773.678
-0.7,11.5,0.4,-42.2,1.6,-36.6,1.1,21.6,-0.3,-56,0.6,-17.4,0.4,773.687
-0.7,11.5,0.4,-40,1.6,-36.6,1.1,21.6,-0.3,-56,0.6,-17.4,0.4,773.698
-0.7,11.5,0.4,-40,1.6,-36.6,1.1,21.6,-0.3,-56,0.6,-17.4,0.4,773.707
-0.7,11.5,0.4,-40,1.6,-36.6,1.1,21.6,-0.3,-56,0.6,-21.3,0.4,773.717
-0.5,11.5,0.6,-40,1.6,-36.6,1.1,21.6,-0.3,-56,0.6,-21.3,0.4,773.728
-0.5,16,0.6,-40,1.4,-36.6,1.1,21.6,-0.3,-56,0.6,-21.3,0.4,773.737
-0.5,16,0.6,-40,1.4,-36.6,1.1,21.6,-0.3,-56,0.6,-21.3,0.4,773.748
-0.5,16,0.6,-40,1.4,-36.6,1.1,21.6,-0.3,-56,0.6,-21.3,0.4,773.757
-0.5,16,0.6,-40,1.4,-36.6,1.1,21.6,-0.3,-56,0.6,-21.3,0.4,773.767
-0.5,16,0.6,-40,1.4,-36.6,1.1,21.6,-0.3,-55.8,0.6,-21.3,0.4,773.777
-0.5,16,0.6,-36.2,1.4,-40,1.1,16.3,-0.3,-55.8,0.6,-21.3,0.4,773.787
-0.5,16,0.6,-36.2,1.4,-40,1.1,16.3,-0.3,-55.8,0.6,-21.3,0.4,773.797
-0.5,16,0.6,-36.2,1.4,-40,1.1,16.3,-0.3,-55.8,0.4,-26.5,0.4,773.807
-0.3,16,0.4,-36.2,1.4,-40,1.1,16.3,-0.3,-55.8,0.4,-26.5,0.4,773.817
-0.3,16,0.4,-36.2,1.4,-40,1.1,16.3,-0.3,-55.8,0.4,-26.5,0.4,773.827
-0.3,20.5,0.4,-36.2,1.4,-40,1.1,16.3,-0.3,-55.8,0.4,-26.5,0.4,773.837
-0.3,20.5,0.4,-36.2,1.4,-40,1.1,16.3,-0.3,-55.8,0.4,-26.5,0.4,773.847
-0.3,20.5,0.4,-36.2,1.4,-40,1.1,16.3,-0.3,-55.8,0.4,-26.5,0.4,773.857
-0.3,20.5,0.4,-36.2,1.4,-40,1.1,16.3,-0.3,-55.8,0.4,-26.5,0.4,773.867
-0.3,20.5,0.4,-36.2,1.4,-40,1.1,16.3,-0.3,-55.8,0.4,-26.5,0.4,773.877
-0.3,20.5,0.4,-36.2,1.4,-40,1.1,16.3,-0.3,-55.8,0.4,-26.5,0.4,773.887
-0.3,20.5,0.4,-33.7,1.4,-42.4,1.1,11.1,-0.3,-55.5,0.6,-26.5,0.4,773.897
-0.3,20.5,0.4,-33.7,1.4,-42.4,1.1,11.1,-0.3,-55.5,0.6,-26.5,0.4,773.907
-0.3,20.5,0.4,-33.7,1.4,-42.4,1.1,11.1,-0.3,-55.5,0.6,-26.5,0.4,773.917
-0.5,24.5,0.6,-33.7,1.4,-42.4,1.1,11.1,-0.3,-55.5,0.6,-29.3,0.4,773.927
-0.5,24.5,0.6,-33.7,1.4,-42.4,1.1,11.1,-0.3,-55.5,0.6,-29.3,0.4,773.937
-0.5,24.5,0.6,-33.7,1.4,-42.4,1.1,11.1,-0.3,-55.5,0.6,-29.3,0.4,773.947
-0.5,24.5,0.6,-33.7,1.4,-42.4,1.1,11.1,-0.3,-55.5,0.6,-29.3,0.4,773.957
-0.5,24.5,0.6,-33.7,1.4,-42.4,1.1,5.8,-0.3,-54.3,0.6,-29.3,0.4,773.967
-0.5,24.5,0.6,-29.9,1.4,-44.6,1.1,5.8,-0.3,-54.3,0.6,-29.3,0.4,773.977
-0.5,24.5,0.6,-29.9,1.4,-44.6,1.1,5.8,-0.3,-54.3,0.6,-29.3,0.4,773.987
-0.5,24.5,0.6,-29.9,1.4,-44.6,1.1,5.8,-0.3,-54.3,0.4,-33.8,0.4,773.997
-0.7,24.5,0.6,-29.9,1.4,-44.6,1.1,5.8,-0.3,-54.3,0.4,-33.8,0.4,774.007
-0.7,24.5,0.6,-29.9,1.4,-44.6,1.1,5.8,-0.3,-54.3,0.4,-33.8,0.4,774.017
-0.7,28.8,0.6,-29.9,1.6,-44.6,1.1,5.8,-0.3,-54.3,0.4,-33.8,0.4,774.027
-0.7,28.8,0.6,-29.9,1.6,-44.6,1.1,5.8,-0.3,-54.3,0.4,-33.8,0.4,774.037
-0.7,28.8,0.6,-29.9,1.6,-44.6,1.1,5.8,-0.3,-54.3,0.4,-33.8,0.4,774.047
-0.7,28.8,0.6,-29.9,1.6,-44.6,1.1,5.8,-0.3,-54.3,0.4,-33.8,0.4,774.057
-0.7,28.8,0.6,-29.9,1.6,-44.6,1.1,5.8,-0.3,-54.3,0.4,-33.8,0.4,774.067
-0.7,28.8,0.6,-29.9,1.6,-44.6,1.1,5.8,-0.3,-54.3,0.4,-33.8,0.4,774.077
-0.7,28.8,0.6,-26.5,1.6,-46.4,1.1,0.8,-0.3,-52.5,0.4,-33.8,0.4,774.087
-0.5,28.8,0.6,-26.5,1.6,-46.4,1.1,0.8,-0.3,-52.5,0.4,-36.8,0.4,774.097
-0.5,28.8,0.6,-26.5,1.6,-46.4,1.1,0.8,-0.3,-52.5,0.4,-36.8,0.4,774.107
-0.5,32.2,0.6,-26.5,1.6,-46.4,1.1,0.8,-0.3,-52.5,0.4,-36.8,0.4,774.117
-0.5,32.2,0.6,-26.5,1.6,-46.4,1.1,0.8,-0.5,-52.5,0.4,-36.8,0.4,774.127
-0.5,32.2,0.6,-26.5,1.6,-46.4,1.1,0.8,-0.5,-52.5,0.4,-36.8,0.4,774.137
-0.5,32.2,0.6,-26.5,1.6,-46.4,1.1,0.8,-0.5,-52.5,0.4,-36.8,0.4,774.147
-0.5,32.2,0.6,-26.5,1.6,-47.6,0.8,-5.7,-0.5,-50,0.4,-36.8,0.4,774.157
-0.5,32.2,0.6,-21.1,1.6,-47.6,0.8,-5.7,-0.5,-50,0.4,-36.8,0.4,774.168
-0.5,32.2,0.6,-21.1,1.6,-47.6,0.8,-5.7,-0.5,-50,0.4,-36.8,0.4,774.177
-0.3,32.2,0.6,-21.1,1.6,-47.6,0.8,-5.7,-0.5,-50,0.4,-40.4,0.4,774.187
-0.3,32.2,0.6,-21.1,1.6,-47.6,0.8,-5.7,-0.5,-50,0.4,-40.4,0.4,774.197
-0.3,35.9,0.6,-21.1,1.6,-47.6,0.8,-5.7,-0.5,-50,0.4,-40.4,0.4,774.207
-0.3,35.9,0.6,-21.1,1.6,-47.6,0.8,-5.7,-0.5,-50,0.4,-40.4,0.4,774.217
-0.3,35.9,0.6,-21.1,1.6,-47.6,0.8,-5.7,-0.5,-50,0.4,-40.4,0.4,774.227
-0.3,35.9,0.6,-21.1,1.6,-47.6,0.8,-5.7,-0.5,-50,0.4,-40.4,0.4,774.237
-0.3,35.9,0.6,-21.1,1.6,-47.6,0.8,-11,-0.5,-46.8,0.4,-40.4,0.4,774.247
-0.3,35.9,0.6,-21.1,1.6,-47.6,0.8,-11,-0.5,-46.8,0.4,-40.4,0.4,774.257
-0.3,35.9,0.6,-16.5,1.6,-48.6,0.8,-11,-0.5,-46.8,0.4,-40.4,0.4,774.267
-0.3,35.9,0.6,-16.5,1.6,-48.6,0.8,-11,-0.5,-46.8,0.4,-42.7,0.6,774.277
-0.5,35.9,0.6,-16.5,1.6,-48.6,0.8,-11,-0.5,-46.8,0.4,-42.7,0.6,774.287
-0.5,35.9,0.6,-16.5,1.6,-48.6,0.8,-11,-0.5,-46.8,0.4,-42.7,0.6,774.297
-0.5,39.1,0.6,-16.5,1.4,-48.6,0.8,-11,-0.5,-46.8,0.4,-42.7,0.6,774.307
-0.5,39.1,0.6,-16.5,1.4,-48.6,0.8,-11,-0.5,-46.8,0.4,-42.7,0.6,774.317
-0.5,39.1,0.6,-16.5,1.4,-48.6,0.8,-11,-0.5,-46.8,0.4,-42.7,0.6,774.327
-0.5,39.1,0.6,-16.5,1.4,-48.6,0.8,-11,-0.5,-46.8,0.4,-42.7,0.6,774.337
-0.5,39.1,0.6,-16.5,1.4,-48.6,0.8,-11,-0.5,-46.8,0.4,-42.7,0.6,774.347
-0.5,39.1,0.6,-16.5,1.4,-48.6,0.8,-11,-0.5,-46.8,0.4,-42.7,0.6,774.357
-0.5,39.1,0.6,-11.3,1.4,-48.8,0.8,-16.2,-0.5,-43.5,0.4,-42.7,0.6,774.367
-0.5,39.1,0.6,-11.3,1.4,-48.8,0.8,-16.2,-0.5,-43.5,0.4,-45.9,0.6,774.377
-0.5,39.1,0.6,-11.3,1.4,-48.8,0.8,-16.2,-0.5,-43.5,0.4,-45.9,0.6,774.387
-0.5,41.8,0.6,-11.3,1.4,-48.8,0.8,-16.2,-0.5,-43.5,0.4,-45.9,0.6,774.397
-0.5,41.8,0.6,-11.3,1.4,-48.8,0.8,-16.2,-0.7,-43.5,0.4,-45.9,0.6,774.407
-0.5,41.8,0.6,-11.3,1.4,-48.8,0.8,-16.2,-0.7,-43.5,0.4,-45.9,0.6,774.417
-0.5,41.8,0.6,-11.3,1.4,-48.8,0.8,-16.2,-0.7,-43.5,0.4,-45.9,0.6,774.427
-0.5,41.8,0.6,-11.3,1.4,-48.8,0.8,-21.1,-0.7,-39.4,0.4,-45.9,0.6,774.437
-0.5,41.8,0.6,-6.9,1.4,-48.8,0.8,-21.1,-0.7,-39.4,0.4,-45.9,0.6,774.447
-0.5,41.8,0.6,-6.9,1.4,-48.8,0.8,-21.1,-0.7,-39.4,0.4,-45.9,0.6,774.457
-0.7,41.8,0.6,-6.9,1.4,-48.8,0.8,-21.1,-0.7,-39.4,0.4,-47.7,0.6,774.467
-0.7,43.7,0.6,-6.9,1.4,-48.8,0.8,-21.1,-0.7,-39.4,0.4,-47.7,0.6,774.477
-0.7,43.7,0.6,-6.9,1.4,-48.8,0.8,-21.1,-0.7,-39.4,0.4,-47.7,0.6,774.487
-0.7,43.7,0.6,-6.9,1.4,-48.8,0.8,-21.1,-0.5,-39.4,0.4,-47.7,0.6,774.497
-0.7,43.7,0.6,-6.9,1.4,-48.8,0.8,-21.1,-0.5,-39.4,0.4,-47.7,0.6,774.507
-0.7,43.7,0.6,-6.9,1.4,-48.8,0.8,-21.1,-0.5,-39.4,0.4,-47.7,0.6,774.517
-0.7,43.7,0.6,-6.9,1.4,-48.8,0.8,-26.1,-0.5,-35.2,0.4,-47.7,0.6,774.528
-0.7,43.7,0.6,-1.7,1.4,-47.8,0.8,-26.1,-0.5,-35.2,0.4,-47.7,0.6,774.537
-0.7,43.7,0.6,-1.7,1.4,-47.8,0.8,-26.1,-0.5,-35.2,0.4,-49.3,0.6,774.547
-0.7,43.7,0.6,-1.7,1.4,-47.8,0.8,-26.1,-0.5,-35.2,0.4,-49.3,0.6,774.557
-0.5,43.7,0.6,-1.7,1.4,-47.8,0.8,-26.1,-0.5,-35.2,0.4,-49.3,0.6,774.567
-0.5,43.7,0.6,-1.7,1.4,-47.8,0.8,-26.1,-0.5,-35.2,0.4,-49.3,0.6,774.577
-0.5,45.9,0.6,-1.7,1.4,-47.8,0.8,-26.1,-0.5,-35.2,0.4,-49.3,0.6,774.587
-0.5,45.9,0.6,-1.7,1.4,-47.8,0.8,-26.1,-0.5,-35.2,0.4,-49.3,0.6,774.598
-0.5,45.9,0.6,-1.7,1.4,-47.8,0.8,-26.1,-0.5,-35.2,0.4,-49.3,0.6,774.607
-0.5,45.9,0.6,-1.7,1.4,-47.8,0.8,-26.1,-0.5,-35.2,0.4,-49.3,0.6,774.617
-0.5,45.9,0.6,-1.7,1.4,-47.8,0.8,-26.1,-0.5,-35.2,0.4,-49.3,0.6,774.627
-0.5,45.9,0.6,2.8,1.4,-46.6,0.8,-30.4,-0.5,-30.5,0.4,-49.3,0.6,774.637
-0.5,45.9,0.6,2.8,1.4,-46.6,0.8,-30.4,-0.5,-30.5,0.4,-49.3,0.6,774.647
-0.5,45.9,0.6,2.8,1.4,-46.6,0.8,-30.4,-0.5,-30.5,0.4,-49.9,0.4,774.657
-0.5,45.9,0.6,2.8,1.4,-46.6,0.8,-30.4,-0.5,-30.5,0.4,-49.9,0.4,774.667
-0.5,47.2,0.6,2.8,1.4,-46.6,0.8,-30.4,-0.5,-30.5,0.4,-49.9,0.4,774.677
-0.5,47.2,0.6,2.8,1.4,-46.6,0.8,-30.4,-0.5,-30.5,0.4,-49.9,0.4,774.687
-0.5,47.2,0.6,2.8,1.4,-46.6,0.8,-30.4,-0.5,-30.5,0.4,-49.9,0.4,774.697
-0.5,47.2,0.6,2.8,1.4,-46.6,0.8,-30.4,-0.5,-30.5,0.4,-49.9,0.4,774.707
-0.5,47.2,0.6,2.8,1.4,-44.8,0.6,-34.6,-0.5,-26.6,0.4,-49.9,0.4,774.717
-0.5,47.2,0.6,7.9,1.4,-44.8,0.6,-34.6,-0.5,-26.6,0.4,-49.9,0.4,774.727
-0.5,47.2,0.6,7.9,1.4,-44.8,0.6,-34.6,-0.5,-26.6,0.4,-49.9,0.4,774.738
-0.3,47.2,0.6,7.9,1.4,-44.8,0.6,-34.6,-0.5,-26.6,0.4,-50.1,0.4,774.747
-0.3,47.8,0.8,7.9,1.4,-44.8,0.6,-34.6,-0.5,-26.6,0.4,-50.1,0.4,774.757
-0.3,47.8,0.8,7.9,1.4,-44.8,0.6,-34.6,-0.5,-26.6,0.4,-50.1,0.4,774.767
-0.3,47.8,0.8,7.9,1.6,-44.8,0.6,-34.6,-0.7,-26.6,0.4,-50.1,0.4,774.777
-0.3,47.8,0.8,7.9,1.6,-44.8,0.6,-34.6,-0.7,-26.6,0.4,-50.1,0.4,774.787
-0.3,47.8,0.8,7.9,1.6,-44.8,0.6,-34.6,-0.7,-26.6,0.4,-50.1,0.4,774.797
-0.3,47.8,0.8,7.9,1.6,-44.8,0.8,-38,-0.7,-21.1,0.4,-50.1,0.4,774.807
-0.3,47.8,0.8,7.9,1.6,-44.8,0.8,-38,-0.7,-21.1,0.4,-50.1,0.4,774.817
-0.3,47.8,0.8,12.3,1.6,-43,0.8,-38,-0.7,-21.1,0.4,-50.1,0.4,774.827
-0.3,47.8,0.8,12.3,1.6,-43,0.8,-38,-0.7,-21.1,0.6,-50.3,0.4,774.837
-0.3,47.8,0.8,12.3,1.6,-43,0.8,-38,-0.7,-21.1,0.6,-50.3,0.4,774.847
-0.5,47.8,0.8,12.3,1.6,-43,0.8,-38,-0.7,-21.1,0.6,-50.3,0.4,774.857
-0.5,48.6,0.8,12.3,1.6,-43,0.8,-38,-0.7,-21.1,0.6,-50.3,0.4,774.867
-0.5,48.6,0.8,12.3,1.6,-43,0.8,-38,-0.7,-21.1,0.6,-50.3,0.4,774.878
-0.5,48.6,0.8,12.3,1.6,-43,0.8,-38,-0.7,-21.1,0.6,-50.3,0.4,774.887
-0.5,48.6,0.8,12.3,1.6,-43,0.8,-38,-0.7,-21.1,0.6,-50.3,0.4,774.897
-0.5,48.6,0.8,12.3,1.6,-43,0.8,-38,-0.7,-21.1,0.6,-50.3,0.4,774.907
-0.5,48.6,0.8,12.3,1.6,-43,0.8,-38,-0.7,-21.1,0.6,-50.3,0.4,774.917
-0.5,48.6,0.8,17.8,1.6,-40.2,0.8,-41.5,-0.7,-15.6,0.6,-50.3,0.4,774.927
-0.5,48.6,0.8,17.8,1.6,-40.2,0.8,-41.5,-0.7,-15.6,0.6,-50.3,0.4,774.937
-0.7,48.6,0.8,17.8,1.6,-40.2,0.8,-41.5,-0.7,-15.6,0.6,-49.9,0.4,774.948
-0.7,48.4,0.8,17.8,1.6,-40.2,0.8,-41.5,-0.7,-15.6,0.6,-49.9,0.4,774.957
-0.7,48.4,0.8,17.8,1.6,-40.2,0.8,-41.5,-0.7,-15.6,0.6,-49.9,0.4,774.967
-0.7,48.4,0.8,17.8,1.6,-40.2,0.8,-41.5,-0.9,-15.6,0.6,-49.9,0.4,774.977
-0.7,48.4,0.8,17.8,1.6,-40.2,0.8,-41.5,-0.9,-15.6,0.6,-49.9,0.4,774.988
-0.7,48.4,0.8,17.8,1.6,-37.4,0.6,-44.5,-0.9,-10.3,0.6,-49.9,0.4,774.997
-0.7,48.4,0.8,17.8,1.6,-37.4,0.6,-44.5,-0.9,-10.3,0.6,-49.9,0.4,775.007
-0.7,48.4,0.8,21.9,1.6,-37.4,0.6,-44.5,-0.9,-10.3,0.6,-49.9,0.4,775.017
-0.5,48.4,0.8,21.9,1.6,-37.4,0.6,-44.5,-0.9,-10.3,0.6,-49.1,0.4,775.027
-0.5,48.4,0.8,21.9,1.6,-37.4,0.6,-44.5,-0.9,-10.3,0.6,-49.1,0.4,775.037
-0.5,48.9,0.8,21.9,1.6,-37.4,0.6,-44.5,-0.9,-10.3,0.6,-49.1,0.4,775.048
-0.5,48.9,0.8,21.9,1.6,-37.4,0.6,-44.5,-0.9,-10.3,0.6,-49.1,0.4,775.057
-0.5,48.9,0.8,21.9,1.6,-37.4,0.6,-44.5,-0.9,-10.3,0.6,-49.1,0.4,775.068
-0.5,48.9,0.8,21.9,1.6,-37.4,0.6,-44.5,-0.9,-10.3,0.6,-49.1,0.4,775.077
-0.5,48.9,0.8,21.9,1.6,-37.4,0.6,-44.5,-0.9,-10.3,0.6,-49.1,0.4,775.089
-0.5,48.9,0.8,21.9,1.6,-37.4,0.6,-47.1,-0.9,-5,0.6,-49.1,0.4,775.097
-0.5,48.9,0.8,26.3,1.6,-34.2,0.6,-47.1,-0.9,-5,0.6,-49.1,0.4,775.107
-0.5,48.9,0.8,26.3,1.6,-34.2,0.6,-47.1,-0.9,-5,0.6,-49.1,0.4,775.117
-0.5,48.9,0.8,26.3,1.6,-34.2,0.6,-47.1,-0.9,-5,0.6,-47.7,0.4,775.127
-0.5,48.9,0.8,26.3,1.6,-34.2,0.6,-47.1,-0.9,-5,0.6,-47.7,0.4,775.137
-0.3,47.4,0.8,26.3,1.6,-34.2,0.6,-47.1,-0.9,-5,0.6,-47.7,0.4,775.147
-0.3,47.4,0.8,26.3,1.6,-34.2,0.6,-47.1,-0.9,-5,0.6,-47.7,0.4,775.157
-0.3,47.4,0.8,26.3,1.6,-34.2,0.6,-47.1,-0.9,-5,0.6,-47.7,0.4,775.169
-0.3,47.4,0.8,26.3,1.6,-34.2,0.6,-47.1,-0.9,-5,0.6,-47.7,0.4,775.177
-0.3,47.4,0.8,26.3,1.6,-34.2,0.6,-47.1,-0.9,-5,0.6,-47.7,0.4,775.187
-0.3,47.4,0.8,26.3,1.6,-34.2,0.6,-47.1,-0.9,-5,0.6,-47.7,0.4,775.197
-0.3,47.4,0.8,30.6,1.6,-30.7,0.8,-48.7,-0.9,0.7,1,-47.7,0.4,775.207
-0.3,47.4,0.8,30.6,1.6,-30.7,0.8,-48.7,-0.9,0.7,1,-47.7,0.4,775.217
-0.5,47.4,0.6,30.6,1.6,-30.7,0.8,-48.7,-0.9,0.7,1,-45.7,0.4,775.227
-0.5,46.3,0.6,30.6,1.6,-30.7,0.8,-48.7,-0.9,0.7,1,-45.7,0.4,775.237
-0.5,46.3,0.6,30.6,1.6,-30.7,0.8,-48.7,-0.9,0.7,1,-45.7,0.4,775.247
-0.5,46.3,0.6,30.6,1.6,-30.7,0.8,-48.7,-1.1,0.7,1,-45.7,0.4,775.257
-0.5,46.3,0.6,30.6,1.6,-30.7,0.8,-48.7,-1.1,0.7,1,-45.7,0.4,775.267
-0.5,46.3,0.6,30.6,1.6,-30.7,0.8,-48.7,-1.1,0.7,1,-45.7,0.4,775.277
-0.5,46.3,0.6,30.6,1.6,-26.5,0.6,-50.1,-1.1,6.4,1,-45.7,0.4,775.287
-0.5,46.3,0.6,30.6,1.6,-26.5,0.6,-50.1,-1.1,6.4,1,-45.7,0.4,775.297
-0.7,46.3,0.6,34.4,1.6,-26.5,0.6,-50.1,-1.1,6.4,0.8,-42.9,0.4,775.307
-0.7,46.3,0.6,34.4,1.6,-26.5,0.6,-50.1,-1.1,6.4,0.8,-42.9,0.4,775.317
-0.7,44,0.6,34.4,1.6,-26.5,0.6,-50.1,-1.1,6.4,0.8,-42.9,0.4,775.327
-0.7,44,0.6,34.4,1.6,-26.5,0.6,-50.1,-1.1,6.4,0.8,-42.9,0.4,775.337
-0.7,44,0.6,34.4,1.6,-26.5,0.6,-50.1,-1.1,6.4,0.8,-42.9,0.4,775.347
-0.7,44,0.6,34.4,1.6,-26.5,0.6,-50.1,-1.1,6.4,0.8,-42.9,0.4,775.357
-0.7,44,0.6,34.4,1.6,-26.5,0.6,-50.1,-1.1,6.4,0.8,-42.9,0.4,775.367
-0.7,44,0.6,34.4,1.6,-26.5,0.8,-50.7,-1.1,12,0.8,-42.9,0.4,775.377
-0.7,44,0.6,37.6,1.6,-22.7,0.8,-50.7,-1.1,12,0.8,-42.9,0.4,775.387
-0.7,44,0.6,37.6,1.6,-22.7,0.8,-50.7,-1.1,12,0.8,-42.9,0.4,775.397
-0.7,44,0.6,37.6,1.6,-22.7,0.8,-50.7,-1.1,12,1,-40.4,0.4,775.407
-0.5,44,0.6,37.6,1.6,-22.7,0.8,-50.7,-1.1,12,1,-40.4,0.4,775.42
-0.5,44,0.6,37.6,1.6,-22.7,0.8,-50.7,-1.1,12,1,-40.4,0.4,775.427
-0.5,42,0.6,37.6,1.6,-22.7,0.8,-50.7,-1.1,12,1,-40.4,0.4,775.437
-0.5,42,0.6,37.6,1.6,-22.7,0.8,-50.7,-1.1,12,1,-40.4,0.4,775.447
-0.5,42,0.6,37.6,1.6,-22.7,0.8,-50.7,-1.1,12,1,-40.4,0.4,775.457
-0.5,42,0.6,37.6,1.6,-22.7,0.8,-50.7,-1.1,12,1,-40.4,0.4,775.467
-0.5,42,0.6,37.6,1.6,-22.7,0.8,-50.7,-1.1,12,1,-40.4,0.4,775.477
-0.5,42,0.6,40.7,1.6,-18.3,0.8,-51,-1.1,17.1,1,-40.4,0.4,775.487
-0.3,42,0.6,40.7,1.6,-18.3,0.8,-51,-1.1,17.1,1,-36.2,0.4,775.497
-0.3,42,0.6,40.7,1.6,-18.3,0.8,-51,-1.1,17.1,1,-36.2,0.4,775.509
-0.3,38.6,0.6,40.7,1.6,-18.3,0.8,-51,-1.1,17.1,1,-36.2,0.4,775.517
-0.3,38.6,0.6,40.7,1.6,-18.3,0.8,-51,-1.1,17.1,1,-36.2,0.4,775.527
-0.3,38.6,0.6,40.7,1.6,-18.3,0.8,-51,-1.1,17.1,1,-36.2,0.4,775.537
-0.3,38.6,0.6,40.7,1.6,-18.3,0.8,-51,-1.1,17.1,1,-36.2,0.4,775.547
-0.3,38.6,0.6,40.7,1.6,-18.3,0.8,-51,-1.1,17.1,1,-36.2,0.4,775.557
-0.3,38.6,0.6,40.7,1.6,-13.5,1.1,-51.4,-1.1,23.1,1,-36.2,0.4,775.567
-0.3,38.6,0.6,43.5,1.6,-13.5,1.1,-51.4,-1.1,23.1,1.2,-36.2,0.4,775.577
-0.3,38.6,0.6,43.5,1.6,-13.5,1.1,-51.4,-1.1,23.1,1.2,-36.2,0.4,775.587
-0.5,38.6,0.6,43.5,1.6,-13.5,1.1,-51.4,-1.1,23.1,1.2,-32.8,0.4,775.598
-0.5,36.5,0.6,43.5,1.6,-13.5,1.1,-51.4,-1.1,23.1,1.2,-32.8,0.4,775.607
-0.5,36.5,0.6,43.5,1.6,-13.5,1.1,-51.4,-1.1,23.1,1.2,-32.8,0.4,775.617
-0.5,36.5,0.6,43.5,1.6,-13.5,1.1,-51.4,-1.1,23.1,1.2,-32.8,0.4,775.627
-0.5,36.5,0.6,43.5,1.6,-13.5,1.1,-51.4,-1.1,23.1,1.2,-32.8,0.4,775.637
-0.5,36.5,0.6,43.5,1.6,-13.5,0.8,-51,-1.1,27.3,1.2,-32.8,0.4,775.647
-0.5,36.5,0.6,43.5,1.6,-13.5,0.8,-51,-1.1,27.3,1.2,-32.8,0.4,775.658
-0.5,36.5,0.6,46.3,1.6,-8.7,0.8,-51,-1.1,27.3,1.2,-32.8,0.4,775.667
-0.5,36.5,0.6,46.3,1.6,-8.7,0.8,-51,-1.1,27.3,1.2,-32.8,0.4,775.677
-0.7,36.5,0.6,46.3,1.6,-8.7,0.8,-51,-1.1,27.3,1.2,-28.3,0.4,775.687
-0.7,36.5,0.6,46.3,1.6,-8.7,0.8,-51,-1.1,27.3,1.2,-28.3,0.4,775.697
-0.7,36.5,0.6,46.3,1.6,-8.7,0.8,-51,-1.1,27.3,1.2,-28.3,0.4,775.707
-0.7,32,0.6,46.3,1.6,-8.7,0.8,-51,-1.1,27.3,1.2,-28.3,0.4,775.717
-0.7,32,0.6,46.3,1.6,-8.7,0.8,-51,-1.1,27.3,1.2,-28.3,0.4,775.727
-0.7,32,0.6,46.3,1.6,-8.7,0.8,-51,-1.1,27.3,1.2,-28.3,0.4,775.737
-0.7,32,0.6,46.3,1.6,-8.7,1.1,-51,-1.1,27.3,1.2,-28.3,0.4,775.747
-0.7,32,0.6,48,1.6,-4.7,1.1,-50.5,-1.1,31.8,1.2,-28.3,0.4,775.757
-0.7,32,0.6,48,1.6,-4.7,1.1,-50.5,-1.1,31.8,1.2,-28.3,0.4,775.767
-0.7,32,0.6,48,1.6,-4.7,1.1,-50.5,-1.1,31.8,1.2,-24.7,0.4,775.777
-0.7,32,0.6,48,1.6,-4.7,1.1,-50.5,-1.1,31.8,1.2,-24.7,0.4,775.787
-0.7,29,0.6,48,1.6,-4.7,1.1,-50.5,-1.1,31.8,1.2,-24.7,0.4,775.797
-0.7,29,0.6,48,1.6,-4.7,1.1,-50.5,-1.1,31.8,1.2,-24.7,0.4,775.807
-0.7,29,0.6,48,1.6,-4.7,1.1,-50.5,-1.1,31.8,1.2,-24.7,0.4,775.818
-0.7,29,0.6,48,1.6,-4.7,1.1,-50.5,-1.1,31.8,1.2,-24.7,0.4,775.827
-0.7,29,0.6,48,1.6,-4.7,1.1,-50.5,-1.1,31.8,1.2,-24.7,0.4,775.837
-0.7,29,0.6,48,1.6,-4.7,1.1,-50.5,-1.1,31.8,1.2,-24.7,0.4,775.847
-0.7,29,0.6,48.8,1.6,0,1.1,-48.7,-1.1,35.6,1.2,-24.7,0.4,775.857
-0.7,29,0.6,48.8,1.6,0,1.1,-48.7,-1.1,35.6,1.2,-24.7,0.4,775.867
-0.3,29,0.6,48.8,1.6,0,1.1,-48.7,-1.1,35.6,1.2,-20,0.4,775.877
-0.3,29,0.6,48.8,1.6,0,1.1,-48.7,-1.1,35.6,1.2,-20,0.4,775.887
-0.3,24.3,0.6,48.8,1.6,0,1.1,-48.7,-1.1,35.6,1.2,-20,0.4,775.898
-0.3,24.3,0.6,48.8,1.6,0,1.1,-48.7,-1.1,35.6,1.2,-20,0.4,775.907
-0.3,24.3,0.6,48.8,1.6,0,1.1,-48.7,-1.1,35.6,1.2,-20,0.4,775.917
-0.3,24.3,0.6,48.8,1.6,5.4,1.1,-47.7,-1.1,40.3,1.2,-20,0.4,775.927
-0.3,24.3,0.6,48.8,1.6,5.4,1.1,-47.7,-1.1,40.3,1.2,-20,0.4,775.937
-0.3,24.3,0.6,50.1,1.6,5.4,1.1,-47.7,-1.1,40.3,1.2,-20,0.4,775.947
-0.3,24.3,0.6,50.1,1.6,5.4,1.1,-47.7,-1.1,40.3,1.2,-20,0.4,775.957
-0.5,24.3,0.6,50.1,1.6,5.4,1.1,-47.7,-1.1,40.3,1.4,-15.4,0.6,775.967
-0.5,21.3,0.6,50.1,1.6,5.4,1.1,-47.7,-1.1,40.3,1.4,-15.4,0.6,775.977
-0.5,21.3,0.6,50.1,1.6,5.4,1.1,-47.7,-1.1,40.3,1.4,-15.4,0.6,775.987
-0.5,21.3,0.6,50.1,1.6,5.4,1.1,-47.7,-0.9,40.3,1.4,-15.4,0.6,775.997
-0.5,21.3,0.6,50.1,1.6,5.4,1.1,-47.7,-0.9,40.3,1.4,-15.4,0.6,776.007
-0.5,21.3,0.6,50.1,1.6,5.4,1.1,-47.7,-0.9,40.3,1.4,-15.4,0.6,776.017
-0.5,21.3,0.6,50.1,1.6,5.4,1.1,-46.3,-0.9,44,1.4,-15.4,0.6,776.027
-0.5,21.3,0.6,50.1,1.6,5.4,1.1,-46.3,-0.9,44,1.4,-15.4,0.6,776.037
-0.5,21.3,0.6,50.5,1.6,10,1.1,-46.3,-0.9,44,1.4,-15.4,0.6,776.048
-0.5,21.3,0.6,50.5,1.6,10,1.1,-46.3,-0.9,44,1.2,-11.4,0.6,776.057
-0.5,21.3,0.6,50.5,1.6,10,1.1,-46.3,-0.9,44,1.2,-11.4,0.6,776.067
-0.7,21.3,0.6,50.5,1.6,10,1.1,-46.3,-0.9,44,1.2,-11.4,0.6,776.077
-0.7,15.4,0.6,50.5,1.4,10,1.1,-46.3,-0.9,44,1.2,-11.4,0.6,776.087
-0.7,15.4,0.6,50.5,1.4,10,1.1,-46.3,-0.9,44,1.2,-11.4,0.6,776.097
-0.7,15.4,0.6,50.5,1.4,10,1.1,-46.3,-0.9,44,1.2,-11.4,0.6,776.107
-0.7,15.4,0.6,50.5,1.4,10,1.1,-46.3,-0.9,44,1.2,-11.4,0.6,776.117
-0.7,15.4,0.6,50.5,1.4,10,1.1,-46.3,-0.9,44,1.2,-11.4,0.6,776.127
-0.7,15.4,0.6,50.3,1.4,14.6,1.1,-43.7,-0.9,46.5,1.2,-11.4,0.6,776.137
-0.7,15.4,0.6,50.3,1.4,14.6,1.1,-43.7,-0.9,46.5,1.2,-11.4,0.6,776.147
-0.7,15.4,0.6,50.3,1.4,14.6,1.1,-43.7,-0.9,46.5,1.2,-6.5,0.4,776.157
-0.7,12.4,0.6,50.3,1.4,14.6,1.1,-43.7,-0.9,46.5,1.2,-6.5,0.4,776.168
-0.7,12.4,0.6,50.3,1.4,14.6,1.1,-43.7,-0.9,46.5,1.2,-6.5,0.4,776.177
-0.7,12.4,0.6,50.3,1.4,14.6,1.1,-43.7,-0.9,46.5,1.2,-6.5,0.4,776.187
-0.7,12.4,0.6,50.3,1.4,14.6,1.1,-43.7,-0.9,46.5,1.2,-6.5,0.4,776.197
-0.7,12.4,0.6,50.3,1.4,14.6,1.1,-43.7,-0.9,46.5,1.2,-6.5,0.4,776.207
-0.7,12.4,0.6,50.3,1.4,19.8,1.1,-41.1,-0.9,49.5,1.2,-6.5,0.4,776.217
-0.7,12.4,0.6,50.1,1.4,19.8,1.1,-41.1,-0.9,49.5,1,-6.5,0.4,776.227
-0.5,12.4,0.6,50.1,1.4,19.8,1.1,-41.1,-0.9,49.5,1,-0.9,0.4,776.237
-0.5,12.4,0.6,50.1,1.4,19.8,1.1,-41.1,-0.9,49.5,1,-0.9,0.4,776.247
-0.5,5.6,0.6,50.1,1.4,19.8,1.1,-41.1,-0.9,49.5,1,-0.9,0.4,776.257
-0.5,5.6,0.6,50.1,1.4,19.8,1.1,-41.1,-0.9,49.5,1,-0.9,0.4,776.267
-0.5,5.6,0.6,50.1,1.4,19.8,1.1,-41.1,-0.9,49.5,1,-0.9,0.4,776.277
-0.5,5.6,0.6,50.1,1.4,19.8,1.1,-41.1,-0.9,49.5,1,-0.9,0.4,776.287
-0.5,5.6,0.6,50.1,1.4,19.8,1.1,-41.1,-0.9,49.5,1,-0.9,0.4,776.298
-0.5,5.6,0.6,50.1,1.4,19.8,1.1,-37,-0.9,51.4,1,-0.9,0.4,776.307
-0.5,5.6,0.6,49,1.4,24,1.1,-37,-0.9,51.4,1,-0.9,0.4,776.317
-0.5,5.6,0.6,49,1.4,24,1.1,-37,-0.9,51.4,1,-0.9,0.4,776.327
-0.3,5.6,0.6,49,1.4,24,1.1,-37,-0.9,51.4,1,3.5,0.4,776.337
-0.3,5.6,0.6,49,1.4,24,1.1,-37,-0.9,51.4,1,3.5,0.4,776.347
-0.3,5.6,0.6,49,1.4,24,1.1,-37,-0.9,51.4,1,3.5,0.4,776.357
-0.3,1.9,0.6,49,1.4,24,1.1,-37,-0.9,51.4,1,3.5,0.4,776.367
-0.3,1.9,0.6,49,1.4,24,1.1,-37,-0.9,51.4,1,3.5,0.4,776.377
-0.3,1.9,0.6,49,1.4,24,1.1,-37,-0.7,51.4,1,3.5,0.4,776.387
-0.3,1.9,0.6,49,1.4,24,1.1,-33.6,-0.7,51.4,1,3.5,0.4,776.398
-0.3,1.9,0.6,49,1.4,24,1.1,-33.6,-0.7,51.4,1,3.5,0.4,776.407
-0.3,1.9,0.6,47.1,1.4,28.8,1.3,-33.6,-0.7,52.9,1,3.5,0.4,776.417
-0.3,1.9,0.6,47.1,1.4,28.8,1.3,-33.6,-0.7,52.9,1,8.5,0.4,776.427
-0.5,1.9,0.6,47.1,1.4,28.8,1.3,-33.6,-0.7,52.9,1,8.5,0.4,776.437
-0.5,1.9,0.6,47.1,1.4,28.8,1.3,-33.6,-0.7,52.9,1,8.5,0.4,776.447
-0.5,-3.5,0.6,47.1,1.4,28.8,1.3,-33.6,-0.7,52.9,1,8.5,0.4,776.457
-0.5,-3.5,0.6,47.1,1.6,28.8,1.3,-33.6,-0.7,52.9,1,8.5,0.4,776.467
-0.5,-3.5,0.6,47.1,1.6,28.8,1.3,-33.6,-0.7,52.9,1,8.5,0.4,776.477
-0.5,-3.5,0.6,47.1,1.6,28.8,1.3,-33.6,-0.7,52.9,1,8.5,0.4,776.488
-0.5,-3.5,0.6,47.1,1.6,28.8,1.3,-33.6,-0.7,52.9,1,8.5,0.4,776.498
-0.5,-3.5,0.6,47.1,1.6,28.8,1.3,-33.6,-0.7,52.9,1,8.5,0.4,776.507
-0.5,-3.5,0.6,45.4,1.6,32.1,1.1,-27.5,-0.7,54,1,8.5,0.4,776.517
-0.5,-3.5,0.6,45.4,1.6,32.1,1.1,-27.5,-0.7,54,1,8.5,0.4,776.527
-0.7,-3.5,0.6,45.4,1.6,32.1,1.1,-27.5,-0.7,54,1,13.1,0.4,776.537
-0.7,-7.5,0.6,45.4,1.6,32.1,1.1,-27.5,-0.7,54,1,13.1,0.4,776.547
-0.7,-7.5,0.6,45.4,1.6,32.1,1.1,-27.5,-0.7,54,1,13.1,0.4,776.557
-0.7,-7.5,0.6,45.4,1.4,32.1,1.1,-27.5,-0.7,54,1,13.1,0.4,776.567
-0.7,-7.5,0.6,45.4,1.4,32.1,1.1,-27.5,-0.7,54,1,13.1,0.4,776.577
-0.7,-7.5,0.6,45.4,1.4,32.1,1.1,-27.5,-0.7,54,1,13.1,0.4,776.587
-0.7,-7.5,0.6,45.4,1.4,36.1,1.1,-22.9,-0.7,54.6,1,13.1,0.4,776.597
-0.7,-7.5,0.6,45.4,1.4,36.1,1.1,-22.9,-0.7,54.6,1,13.1,0.4,776.607
-0.7,-7.5,0.6,42,1.4,36.1,1.1,-22.9,-0.7,54.6,1,13.1,0.4,776.617
-0.5,-7.5,0.6,42,1.4,36.1,1.1,-22.9,-0.7,54.6,1,18.4,0.4,776.627
-0.5,-13.6,0.6,42,1.4,36.1,1.1,-22.9,-0.7,54.6,1,18.4,0.4,776.637
-0.5,-13.6,0.6,42,1.4,36.1,1.1,-22.9,-0.7,54.6,1,18.4,0.4,776.647
-0.5,-13.6,0.6,42,1.4,36.1,1.1,-22.9,-0.7,54.6,1,18.4,0.4,776.657
-0.5,-13.6,0.6,42,1.4,36.1,1.1,-22.9,-0.7,54.6,1,18.4,0.4,776.667
-0.5,-13.6,0.6,42,1.4,36.1,1.1,-22.9,-0.7,54.6,1,18.4,0.4,776.677
-0.5,-13.6,0.6,42,1.4,36.1,1.1,-18,-0.7,54.8,1,18.4,0.4,776.687
-0.5,-13.6,0.6,39.7,1.4,39.4,1.1,-18,-0.7,54.8,1,18.4,0.4,776.698
-0.5,-13.6,0.6,39.7,1.4,39.4,1.1,-18,-0.7,54.8,1,18.4,0.4,776.707
-0.3,-13.6,0.6,39.7,1.4,39.4,1.1,-18,-0.7,54.8,1,22.3,0.4,776.717
-0.3,-13.6,0.6,39.7,1.4,39.4,1.1,-18,-0.7,54.8,1,22.3,0.4,776.727
-0.3,-13.6,0.6,39.7,1.4,39.4,1.1,-18,-0.7,54.8,1,22.3,0.4,776.737
-0.3,-17.4,0.6,39.7,1.4,39.4,1.1,-18,-0.7,54.8,1,22.3,0.4,776.747
-0.3,-17.4,0.6,39.7,1.4,39.4,1.1,-18,-0.7,54.8,1,22.3,0.4,776.757
-0.3,-17.4,0.6,39.7,1.4,39.4,1.1,-18,-0.7,54.8,1,22.3,0.4,776.767
-0.3,-17.4,0.6,39.7,1.4,39.4,1.1,-12.8,-0.7,54.8,1,22.3,0.4,776.777
-0.3,-17.4,0.6,39.7,1.4,39.4,1.1,-12.8,-0.7,54.8,1,22.3,0.4,776.787
-0.3,-17.4,0.6,35.9,1.4,42.6,1.1,-12.8,-0.7,54.8,1,22.3,0.4,776.797
-0.3,-17.4,0.6,35.9,1.4,42.6,1.1,-12.8,-0.7,54.8,1,27.3,0.4,776.808
-0.3,-17.4,0.6,35.9,1.4,42.6,1.1,-12.8,-0.7,54.8,1,27.3,0.4,776.817
-0.5,-17.4,0.6,35.9,1.4,42.6,1.1,-12.8,-0.7,54.8,1,27.3,0.4,776.827
-0.5,-17.4,0.6,35.9,1.4,42.6,1.1,-12.8,-0.7,54.8,1,27.3,0.4,776.838
-0.5,-22.3,0.6,35.9,1.4,42.6,1.1,-12.8,-0.7,54.8,1,27.3,0.4,776.847
-0.5,-22.3,0.6,35.9,1.4,42.6,1.1,-12.8,-0.7,54.8,1,27.3,0.4,776.857
-0.5,-22.3,0.6,35.9,1.4,42.6,1.1,-12.8,-0.7,54.8,1,27.3,0.4,776.868
-0.5,-22.3,0.6,35.9,1.4,42.6,1.1,-12.8,-0.7,54.8,1,27.3,0.4,776.877
-0.5,-22.3,0.6,35.9,1.4,42.6,1.1,-12.8,-0.7,54.8,1,27.3,0.4,776.888
-0.5,-22.3,0.6,32.5,1.4,44.7,1.1,-7.7,-0.7,53.6,1,27.3,0.4,776.897
-0.5,-22.3,0.6,32.5,1.4,44.7,1.1,-7.7,-0.7,53.6,1,30.4,0.4,776.907
-0.5,-22.3,0.6,32.5,1.4,44.7,1.1,-7.7,-0.7,53.6,1,30.4,0.4,776.917
-0.5,-26.1,0.6,32.5,1.4,44.7,1.1,-7.7,-0.7,53.6,1,30.4,0.4,776.927
-0.5,-26.1,0.6,32.5,1.4,44.7,1.1,-7.7,-0.7,53.6,1,30.4,0.4,776.937
-0.5,-26.1,0.6,32.5,1.4,44.7,1.1,-7.7,-0.7,53.6,1,30.4,0.4,776.948
-0.5,-26.1,0.6,32.5,1.4,44.7,1.1,-7.7,-0.7,53.6,1,30.4,0.4,776.957
-0.5,-26.1,0.6,32.5,1.4,44.7,1.1,-7.7,-0.7,53.6,1,30.4,0.4,776.967
-0.5,-26.1,0.6,32.5,1.4,46.5,1.1,-2.7,-0.7,52.1,1,30.4,0.4,776.977
-0.5,-26.1,0.6,28.2,1.4,46.5,1.1,-2.7,-0.7,52.1,1,30.4,0.4,776.987
-0.5,-26.1,0.6,28.2,1.4,46.5,1.1,-2.7,-0.7,52.1,1,30.4,0.4,776.997
-0.7,-26.1,0.6,28.2,1.4,46.5,1.1,-2.7,-0.7,52.1,0.8,34.8,0.4,777.007
