-0.28449,-0.393295,-0.466967,-0.498927,-0.486319,-0.430269,-0.335785,-0.211307,-0.0679525,0.0814717,1603.1
-0.288588,-0.396362,-0.468731,-0.499229,-0.485133,-0.427701,-0.332064,-0.206765,-0.0629955,0.0864007,1603.11
-0.292656,-0.39939,-0.470448,-0.499482,-0.483898,-0.42509,-0.328309,-0.202202,-0.0580323,0.0913211,1603.12
-0.300705,-0.405326,-0.473741,-0.499837,-0.481285,-0.41974,-0.320702,-0.193016,-0.0480889,0.101134,1603.13
-0.304685,-0.408234,-0.475316,-0.49994,-0.479905,-0.417002,-0.31685,-0.188394,-0.0431098,0.106025,1603.14
-0.308634,-0.4111,-0.476844,-0.499992,-0.478478,-0.414223,-0.312966,-0.183753,-0.0381264,0.110906,1603.15
-0.312552,-0.413926,-0.478324,-0.499995,-0.477003,-0.411402,-0.309051,-0.179094,-0.0331391,0.115776,1603.16
-0.316439,-0.41671,-0.479756,-0.499948,-0.47548,-0.40854,-0.305105,-0.174417,-0.0281485,0.120634,1603.17
-0.320295,-0.419452,-0.481141,-0.49985,-0.47391,-0.405637,-0.301129,-0.169722,-0.0231551,0.125481,1603.18
-0.324118,-0.422152,-0.482477,-0.499703,-0.472292,-0.402693,-0.297123,-0.165011,-0.0181594,0.130314,1603.19
-0.327909,-0.42481,-0.483765,-0.499506,-0.470627,-0.399709,-0.293086,-0.160283,-0.0131619,0.135135,1603.2
-0.331667,-0.427426,-0.485004,-0.499258,-0.468915,-0.396685,-0.289021,-0.155539,-0.00816303,0.139942,1603.21
-0.335392,-0.429999,-0.486195,-0.498961,-0.467156,-0.393622,-0.284926,-0.150779,-0.00316338,0.144735,1603.22
-0.342741,-0.435016,-0.488432,-0.498217,-0.463499,-0.387377,-0.276653,-0.141215,0.00683639,0.154277,1603.23
-0.346364,-0.437459,-0.489476,-0.497771,-0.4616,-0.384197,-0.272474,-0.136412,0.0118355,0.159026,1603.24
-0.349953,-0.439858,-0.490472,-0.497274,-0.459656,-0.380978,-0.268268,-0.131595,0.0168334,0.163758,1603.25
-0.353507,-0.442214,-0.491419,-0.496728,-0.457665,-0.37772,-0.264035,-0.126765,0.0218297,0.168474,1603.26
-0.357025,-0.444525,-0.492317,-0.496132,-0.455629,-0.374426,-0.259776,-0.121922,0.0268237,0.173173,1603.27
-0.360507,-0.446792,-0.493166,-0.495486,-0.453547,-0.371093,-0.255491,-0.117067,0.0318151,0.177855,1603.28
-0.363954,-0.449014,-0.493965,-0.494791,-0.451419,-0.367724,-0.25118,-0.1122,0.0368033,0.182519,1603.29
-0.367364,-0.451191,-0.494715,-0.494047,-0.449247,-0.364317,-0.246845,-0.107322,0.0417878,0.187165,1603.3
-0.374074,-0.45541,-0.496066,-0.492409,-0.444768,-0.357396,-0.238099,-0.097534,0.0517438,0.196399,1603.31
-0.377373,-0.457451,-0.496667,-0.491517,-0.442461,-0.353882,-0.233691,-0.0926253,0.0567143,0.200988,1603.32
-0.380634,-0.459447,-0.497218,-0.490575,-0.44011,-0.350332,-0.229259,-0.0877073,0.0616791,0.205556,1603.33
-0.383857,-0.461396,-0.49772,-0.489584,-0.437715,-0.346747,-0.224804,-0.0827805,0.0666377,0.210103,1603.34
-0.387042,-0.4633,-0.498172,-0.488545,-0.435277,-0.343127,-0.220327,-0.0778454,0.0715897,0.21463,1603.35
-0.390188,-0.465157,-0.498574,-0.487456,-0.432795,-0.339473,-0.215828,-0.0729026,0.0765345,0.219135,1603.36
-0.393295,-0.466967,-0.498927,-0.486319,-0.430269,-0.335785,-0.211307,-0.0679525,0.0814717,0.223618,1603.37
-0.396362,-0.468731,-0.499229,-0.485133,-0.427701,-0.332064,-0.206765,-0.0629955,0.0864007,0.228079,1603.38
-0.39939,-0.470448,-0.499482,-0.483898,-0.42509,-0.328309,-0.202202,-0.0580323,0.0913211,0.232517,1603.39
-0.402378,-0.472118,-0.499684,-0.482616,-0.422436,-0.324522,-0.197619,-0.0530633,0.0962324,0.236932,1603.4
-0.405326,-0.473741,-0.499837,-0.481285,-0.41974,-0.320702,-0.193016,-0.0480889,0.101134,0.241323,1603.41
-0.408234,-0.475316,-0.49994,-0.479905,-0.417002,-0.31685,-0.188394,-0.0431098,0.106025,0.24569,1603.42
-0.4111,-0.476844,-0.499992,-0.478478,-0.414223,-0.312966,-0.183753,-0.0381264,0.110906,0.250032,1603.43
-0.413926,-0.478324,-0.499995,-0.477003,-0.411402,-0.309051,-0.179094,-0.0331391,0.115776,0.25435,1603.44
-0.41671,-0.479756,-0.499948,-0.47548,-0.40854,-0.305105,-0.174417,-0.0281485,0.120634,0.258642,1603.45
-0.422152,-0.482477,-0.499703,-0.472292,-0.402693,-0.297123,-0.165011,-0.0181594,0.130314,0.267147,1603.46
-0.42481,-0.483765,-0.499506,-0.470627,-0.399709,-0.293086,-0.160283,-0.0131619,0.135135,0.27136,1603.47
-0.427426,-0.485004,-0.499258,-0.468915,-0.396685,-0.289021,-0.155539,-0.00816303,0.139942,0.275546,1603.48
-0.429999,-0.486195,-0.498961,-0.467156,-0.393622,-0.284926,-0.150779,-0.00316338,0.144735,0.279705,1603.49
-0.432529,-0.487338,-0.498614,-0.465351,-0.390519,-0.280804,-0.146005,0.0018366,0.149514,0.283835,1603.5
-0.435016,-0.488432,-0.498217,-0.463499,-0.387377,-0.276653,-0.141215,0.00683639,0.154277,0.287937,1603.51
-0.437459,-0.489476,-0.497771,-0.4616,-0.384197,-0.272474,-0.136412,0.0118355,0.159026,0.29201,1603.52
-0.439858,-0.490472,-0.497274,-0.459656,-0.380978,-0.268268,-0.131595,0.0168334,0.163758,0.296054,1603.53
-0.442214,-0.491419,-0.496728,-0.457665,-0.37772,-0.264035,-0.126765,0.0218297,0.168474,0.300069,1603.54
-0.444525,-0.492317,-0.496132,-0.455629,-0.374426,-0.259776,-0.121922,0.0268237,0.173173,0.304053,1603.55
-0.449014,-0.493965,-0.494791,-0.451419,-0.367724,-0.25118,-0.1122,0.0368033,0.182519,0.31193,1603.56
-0.451191,-0.494715,-0.494047,-0.449247,-0.364317,-0.246845,-0.107322,0.0417878,0.187165,0.315822,1603.57
-0.453323,-0.495415,-0.493253,-0.44703,-0.360875,-0.242484,-0.102433,0.0467681,0.191792,0.319683,1603.58
-0.45541,-0.496066,-0.492409,-0.444768,-0.357396,-0.238099,-0.097534,0.0517438,0.196399,0.323511,1603.59
-0.457451,-0.496667,-0.491517,-0.442461,-0.353882,-0.233691,-0.0926253,0.0567143,0.200988,0.327307,1603.6
-0.459447,-0.497218,-0.490575,-0.44011,-0.350332,-0.229259,-0.0877073,0.0616791,0.205556,0.331071,1603.61
-0.461396,-0.49772,-0.489584,-0.437715,-0.346747,-0.224804,-0.0827805,0.0666377,0.210103,0.334801,1603.62
-0.465157,-0.498574,-0.487456,-0.432795,-0.339473,-0.215828,-0.0729026,0.0765345,0.219135,0.342161,1603.63
-0.466967,-0.498927,-0.486319,-0.430269,-0.335785,-0.211307,-0.0679525,0.0814717,0.223618,0.34579,1603.64
-0.468731,-0.499229,-0.485133,-0.427701,-0.332064,-0.206765,-0.0629955,0.0864007,0.228079,0.349384,1603.65
-0.470448,-0.499482,-0.483898,-0.42509,-0.328309,-0.202202,-0.0580323,0.0913211,0.232517,0.352943,1603.66
-0.472118,-0.499684,-0.482616,-0.422436,-0.324522,-0.197619,-0.0530633,0.0962324,0.236932,0.356467,1603.67
-0.473741,-0.499837,-0.481285,-0.41974,-0.320702,-0.193016,-0.0480889,0.101134,0.241323,0.359955,1603.68
-0.475316,-0.49994,-0.479905,-0.417002,-0.31685,-0.188394,-0.0431098,0.106025,0.24569,0.363407,1603.69
-0.476844,-0.499992,-0.478478,-0.414223,-0.312966,-0.183753,-0.0381264,0.110906,0.250032,0.366823,1603.7
-0.478324,-0.499995,-0.477003,-0.411402,-0.309051,-0.179094,-0.0331391,0.115776,0.25435,0.370203,1603.71
-0.479756,-0.499948,-0.47548,-0.40854,-0.305105,-0.174417,-0.0281485,0.120634,0.258642,0.373545,1603.72
-0.481141,-0.49985,-0.47391,-0.405637,-0.301129,-0.169722,-0.0231551,0.125481,0.262908,0.37685,1603.73
-0.482477,-0.499703,-0.472292,-0.402693,-0.297123,-0.165011,-0.0181594,0.130314,0.267147,0.380117,1603.74
-0.485004,-0.499258,-0.468915,-0.396685,-0.289021,-0.155539,-0.00816303,0.139942,0.275546,0.386537,1603.75
-0.486195,-0.498961,-0.467156,-0.393622,-0.284926,-0.150779,-0.00316338,0.144735,0.279705,0.389689,1603.76
-0.487338,-0.498614,-0.465351,-0.390519,-0.280804,-0.146005,0.0018366,0.149514,0.283835,0.392802,1603.77
-0.488432,-0.498217,-0.463499,-0.387377,-0.276653,-0.141215,0.00683639,0.154277,0.287937,0.395876,1603.78
-0.489476,-0.497771,-0.4616,-0.384197,-0.272474,-0.136412,0.0118355,0.159026,0.29201,0.398911,1603.79
-0.490472,-0.497274,-0.459656,-0.380978,-0.268268,-0.131595,0.0168334,0.163758,0.296054,0.401905,1603.8
-0.491419,-0.496728,-0.457665,-0.37772,-0.264035,-0.126765,0.0218297,0.168474,0.300069,0.40486,1603.81
-0.492317,-0.496132,-0.455629,-0.374426,-0.259776,-0.121922,0.0268237,0.173173,0.304053,0.407773,1603.82
-0.493166,-0.495486,-0.453547,-0.371093,-0.255491,-0.117067,0.0318151,0.177855,0.308007,0.410646,1603.83
-0.494715,-0.494047,-0.449247,-0.364317,-0.246845,-0.107322,0.0417878,0.187165,0.315822,0.416269,1603.84
-0.495415,-0.493253,-0.44703,-0.360875,-0.242484,-0.102433,0.0467681,0.191792,0.319683,0.419018,1603.85
-0.496066,-0.492409,-0.444768,-0.357396,-0.238099,-0.097534,0.0517438,0.196399,0.323511,0.421725,1603.86
-0.496667,-0.491517,-0.442461,-0.353882,-0.233691,-0.0926253,0.0567143,0.200988,0.327307,0.42439,1603.87
-0.497218,-0.490575,-0.44011,-0.350332,-0.229259,-0.0877073,0.0616791,0.205556,0.331071,0.427012,1603.88
-0.49772,-0.489584,-0.437715,-0.346747,-0.224804,-0.0827805,0.0666377,0.210103,0.334801,0.429592,1603.89
-0.498172,-0.488545,-0.435277,-0.343127,-0.220327,-0.0778454,0.0715897,0.21463,0.338498,0.432129,1603.9
-0.498574,-0.487456,-0.432795,-0.339473,-0.215828,-0.0729026,0.0765345,0.219135,0.342161,0.434623,1603.91
-0.498927,-0.486319,-0.430269,-0.335785,-0.211307,-0.0679525,0.0814717,0.223618,0.34579,0.437073,1603.92
-0.499482,-0.483898,-0.42509,-0.328309,-0.202202,-0.0580323,0.0913211,0.232517,0.352943,0.441842,1603.93
-0.499684,-0.482616,-0.422436,-0.324522,-0.197619,-0.0530633,0.0962324,0.236932,0.356467,0.44416,1603.94
-0.499837,-0.481285,-0.41974,-0.320702,-0.193016,-0.0480889,0.101134,0.241323,0.359955,0.446434,1603.95
-0.49994,-0.479905,-0.417002,-0.31685,-0.188394,-0.0431098,0.106025,0.24569,0.363407,0.448663,1603.96
-0.499992,-0.478478,-0.414223,-0.312966,-0.183753,-0.0381264,0.110906,0.250032,0.366823,0.450847,1603.97
-0.499995,-0.477003,-0.411402,-0.309051,-0.179094,-0.0331391,0.115776,0.25435,0.370203,0.452987,1603.98
-0.499948,-0.47548,-0.40854,-0.305105,-0.174417,-0.0281485,0.120634,0.258642,0.373545,0.455081,1603.99
-0.49985,-0.47391,-0.405637,-0.301129,-0.169722,-0.0231551,0.125481,0.262908,0.37685,0.457129,1604
-0.499506,-0.470627,-0.399709,-0.293086,-0.160283,-0.0131619,0.135135,0.27136,0.383346,0.461089,1604.01
-0.499258,-0.468915,-0.396685,-0.289021,-0.155539,-0.00816303,0.139942,0.275546,0.386537,0.462999,1604.02
-0.498961,-0.467156,-0.393622,-0.284926,-0.150779,-0.00316338,0.144735,0.279705,0.389689,0.464864,1604.03
-0.498614,-0.465351,-0.390519,-0.280804,-0.146005,0.0018366,0.149514,0.283835,0.392802,0.466682,1604.04
-0.498217,-0.463499,-0.387377,-0.276653,-0.141215,0.00683639,0.154277,0.287937,0.395876,0.468453,1604.05
-0.497771,-0.4616,-0.384197,-0.272474,-0.136412,0.0118355,0.159026,0.29201,0.398911,0.470178,1604.06
-0.497274,-0.459656,-0.380978,-0.268268,-0.131595,0.0168334,0.163758,0.296054,0.401905,0.471855,1604.07
-0.496728,-0.457665,-0.37772,-0.264035,-0.126765,0.0218297,0.168474,0.300069,0.40486,0.473485,1604.08
-0.496132,-0.455629,-0.374426,-0.259776,-0.121922,0.0268237,0.173173,0.304053,0.407773,0.475068,1604.09
-0.495486,-0.453547,-0.371093,-0.255491,-0.117067,0.0318151,0.177855,0.308007,0.410646,0.476604,1604.1
-0.494047,-0.449247,-0.364317,-0.246845,-0.107322,0.0417878,0.187165,0.315822,0.416269,0.479531,1604.11
-0.493253,-0.44703,-0.360875,-0.242484,-0.102433,0.0467681,0.191792,0.319683,0.419018,0.480923,1604.12
-0.492409,-0.444768,-0.357396,-0.238099,-0.097534,0.0517438,0.196399,0.323511,0.421725,0.482267,1604.13
-0.491517,-0.442461,-0.353882,-0.233691,-0.0926253,0.0567143,0.200988,0.327307,0.42439,0.483563,1604.14
-0.490575,-0.44011,-0.350332,-0.229259,-0.0877073,0.0616791,0.205556,0.331071,0.427012,0.48481,1604.15
-0.489584,-0.437715,-0.346747,-0.224804,-0.0827805,0.0666377,0.210103,0.334801,0.429592,0.486009,1604.16
-0.488545,-0.435277,-0.343127,-0.220327,-0.0778454,0.0715897,0.21463,0.338498,0.432129,0.487159,1604.17
-0.487456,-0.432795,-0.339473,-0.215828,-0.0729026,0.0765345,0.219135,0.342161,0.434623,0.488261,1604.18
-0.486319,-0.430269,-0.335785,-0.211307,-0.0679525,0.0814717,0.223618,0.34579,0.437073,0.489313,1604.19
-0.483898,-0.42509,-0.328309,-0.202202,-0.0580323,0.0913211,0.232517,0.352943,0.441842,0.491272,1604.2
-0.482616,-0.422436,-0.324522,-0.197619,-0.0530633,0.0962324,0.236932,0.356467,0.44416,0.492177,1604.21
-0.481285,-0.41974,-0.320702,-0.193016,-0.0480889,0.101134,0.241323,0.359955,0.446434,0.493034,1604.22
-0.479905,-0.417002,-0.31685,-0.188394,-0.0431098,0.106025,0.24569,0.363407,0.448663,0.493841,1604.23
-0.478478,-0.414223,-0.312966,-0.183753,-0.0381264,0.110906,0.250032,0.366823,0.450847,0.494598,1604.24
-0.477003,-0.411402,-0.309051,-0.179094,-0.0331391,0.115776,0.25435,0.370203,0.452987,0.495307,1604.25
-0.47548,-0.40854,-0.305105,-0.174417,-0.0281485,0.120634,0.258642,0.373545,0.455081,0.495965,1604.26
-0.47391,-0.405637,-0.301129,-0.169722,-0.0231551,0.125481,0.262908,0.37685,0.457129,0.496574,1604.27
-0.472292,-0.402693,-0.297123,-0.165011,-0.0181594,0.130314,0.267147,0.380117,0.459132,0.497134,1604.28
-0.470627,-0.399709,-0.293086,-0.160283,-0.0131619,0.135135,0.27136,0.383346,0.461089,0.497644,1604.29
-0.467156,-0.393622,-0.284926,-0.150779,-0.00316338,0.144735,0.279705,0.389689,0.464864,0.498514,1604.3
-0.465351,-0.390519,-0.280804,-0.146005,0.0018366,0.149514,0.283835,0.392802,0.466682,0.498874,1604.31
-0.463499,-0.387377,-0.276653,-0.141215,0.00683639,0.154277,0.287937,0.395876,0.468453,0.499184,1604.32
-0.4616,-0.384197,-0.272474,-0.136412,0.0118355,0.159026,0.29201,0.398911,0.470178,0.499445,1604.33
-0.457665,-0.37772,-0.264035,-0.126765,0.0218297,0.168474,0.300069,0.40486,0.473485,0.499816,1604.34
-0.455629,-0.374426,-0.259776,-0.121922,0.0268237,0.173173,0.304053,0.407773,0.475068,0.499927,1604.35
-0.453547,-0.371093,-0.255491,-0.117067,0.0318151,0.177855,0.308007,0.410646,0.476604,0.499987,1604.36
-0.451419,-0.367724,-0.25118,-0.1122,0.0368033,0.182519,0.31193,0.413478,0.478091,0.499998,1604.37
-0.449247,-0.364317,-0.246845,-0.107322,0.0417878,0.187165,0.315822,0.416269,0.479531,0.499959,1604.38
-0.44703,-0.360875,-0.242484,-0.102433,0.0467681,0.191792,0.319683,0.419018,0.480923,0.499869,1604.39
-0.444768,-0.357396,-0.238099,-0.097534,0.0517438,0.196399,0.323511,0.421725,0.482267,0.49973,1604.4
-0.44011,-0.350332,-0.229259,-0.0877073,0.0616791,0.205556,0.331071,0.427012,0.48481,0.499301,1604.41
-0.437715,-0.346747,-0.224804,-0.0827805,0.0666377,0.210103,0.334801,0.429592,0.486009,0.499012,1604.42
-0.435277,-0.343127,-0.220327,-0.0778454,0.0715897,0.21463,0.338498,0.432129,0.487159,0.498673,1604.43
-0.432795,-0.339473,-0.215828,-0.0729026,0.0765345,0.219135,0.342161,0.434623,0.488261,0.498284,1604.44
-0.430269,-0.335785,-0.211307,-0.0679525,0.0814717,0.223618,0.34579,0.437073,0.489313,0.497845,1604.45
-0.427701,-0.332064,-0.206765,-0.0629955,0.0864007,0.228079,0.349384,0.439479,0.490317,0.497356,1604.46
-0.42509,-0.328309,-0.202202,-0.0580323,0.0913211,0.232517,0.352943,0.441842,0.491272,0.496818,1604.47
-0.41974,-0.320702,-0.193016,-0.0480889,0.101134,0.241323,0.359955,0.446434,0.493034,0.495592,1604.48
-0.417002,-0.31685,-0.188394,-0.0431098,0.106025,0.24569,0.363407,0.448663,0.493841,0.494905,1604.49
-0.414223,-0.312966,-0.183753,-0.0381264,0.110906,0.250032,0.366823,0.450847,0.494598,0.494169,1604.5
-0.411402,-0.309051,-0.179094,-0.0331391,0.115776,0.25435,0.370203,0.452987,0.495307,0.493382,1604.51
-0.40854,-0.305105,-0.174417,-0.0281485,0.120634,0.258642,0.373545,0.455081,0.495965,0.492547,1604.52
-0.405637,-0.301129,-0.169722,-0.0231551,0.125481,0.262908,0.37685,0.457129,0.496574,0.491662,1604.53
-0.402693,-0.297123,-0.165011,-0.0181594,0.130314,0.267147,0.380117,0.459132,0.497134,0.490728,1604.54
-0.399709,-0.293086,-0.160283,-0.0131619,0.135135,0.27136,0.383346,0.461089,0.497644,0.489745,1604.55
-0.396685,-0.289021,-0.155539,-0.00816303,0.139942,0.275546,0.386537,0.462999,0.498104,0.488714,1604.56
-0.393622,-0.284926,-0.150779,-0.00316338,0.144735,0.279705,0.389689,0.464864,0.498514,0.487633,1604.57
-0.390519,-0.280804,-0.146005,0.0018366,0.149514,0.283835,0.392802,0.466682,0.498874,0.486503,1604.58
-0.387377,-0.276653,-0.141215,0.00683639,0.154277,0.287937,0.395876,0.468453,0.499184,0.485325,1604.59
-0.380978,-0.268268,-0.131595,0.0168334,0.163758,0.296054,0.401905,0.471855,0.499656,0.482823,1604.6
-0.37772,-0.264035,-0.126765,0.0218297,0.168474,0.300069,0.40486,0.473485,0.499816,0.4815,1604.61
-0.374426,-0.259776,-0.121922,0.0268237,0.173173,0.304053,0.407773,0.475068,0.499927,0.480128,1604.62
-0.371093,-0.255491,-0.117067,0.0318151,0.177855,0.308007,0.410646,0.476604,0.499987,0.478709,1604.63
-0.367724,-0.25118,-0.1122,0.0368033,0.182519,0.31193,0.413478,0.478091,0.499998,0.477241,1604.64
-0.364317,-0.246845,-0.107322,0.0417878,0.187165,0.315822,0.416269,0.479531,0.499959,0.475726,1604.65
-0.360875,-0.242484,-0.102433,0.0467681,0.191792,0.319683,0.419018,0.480923,0.499869,0.474163,1604.66
-0.357396,-0.238099,-0.097534,0.0517438,0.196399,0.323511,0.421725,0.482267,0.49973,0.472553,1604.67
-0.353882,-0.233691,-0.0926253,0.0567143,0.200988,0.327307,0.42439,0.483563,0.49954,0.470896,1604.68
-0.350332,-0.229259,-0.0877073,0.0616791,0.205556,0.331071,0.427012,0.48481,0.499301,0.469191,1604.69
-0.346747,-0.224804,-0.0827805,0.0666377,0.210103,0.334801,0.429592,0.486009,0.499012,0.46744,1604.7
-0.339473,-0.215828,-0.0729026,0.0765345,0.219135,0.342161,0.434623,0.488261,0.498284,0.463797,1604.71
-0.332064,-0.206765,-0.0629955,0.0864007,0.228079,0.349384,0.439479,0.490317,0.497356,0.459968,1604.73
-0.328309,-0.202202,-0.0580323,0.0913211,0.232517,0.352943,0.441842,0.491272,0.496818,0.457985,1604.74
-0.324522,-0.197619,-0.0530633,0.0962324,0.236932,0.356467,0.44416,0.492177,0.49623,0.455956,1604.75
-0.320702,-0.193016,-0.0480889,0.101134,0.241323,0.359955,0.446434,0.493034,0.495592,0.453881,1604.76
-0.31685,-0.188394,-0.0431098,0.106025,0.24569,0.363407,0.448663,0.493841,0.494905,0.451761,1604.77
-0.312966,-0.183753,-0.0381264,0.110906,0.250032,0.366823,0.450847,0.494598,0.494169,0.449596,1604.78
-0.309051,-0.179094,-0.0331391,0.115776,0.25435,0.370203,0.452987,0.495307,0.493382,0.447386,1604.79
-0.305105,-0.174417,-0.0281485,0.120634,0.258642,0.373545,0.455081,0.495965,0.492547,0.445131,1604.8
-0.301129,-0.169722,-0.0231551,0.125481,0.262908,0.37685,0.457129,0.496574,0.491662,0.442831,1604.81
-0.297123,-0.165011,-0.0181594,0.130314,0.267147,0.380117,0.459132,0.497134,0.490728,0.440488,1604.82
-0.293086,-0.160283,-0.0131619,0.135135,0.27136,0.383346,0.461089,0.497644,0.489745,0.4381,1604.83
-0.289021,-0.155539,-0.00816303,0.139942,0.275546,0.386537,0.462999,0.498104,0.488714,0.435668,1604.84
-0.280804,-0.146005,0.0018366,0.149514,0.283835,0.392802,0.466682,0.498874,0.486503,0.430675,1604.85
-0.276653,-0.141215,0.00683639,0.154277,0.287937,0.395876,0.468453,0.499184,0.485325,0.428113,1604.86
-0.272474,-0.136412,0.0118355,0.159026,0.29201,0.398911,0.470178,0.499445,0.484098,0.425509,1604.87
-0.268268,-0.131595,0.0168334,0.163758,0.296054,0.401905,0.471855,0.499656,0.482823,0.422862,1604.88
-0.264035,-0.126765,0.0218297,0.168474,0.300069,0.40486,0.473485,0.499816,0.4815,0.420173,1604.89
-0.259776,-0.121922,0.0268237,0.173173,0.304053,0.407773,0.475068,0.499927,0.480128,0.417441,1604.9
-0.255491,-0.117067,0.0318151,0.177855,0.308007,0.410646,0.476604,0.499987,0.478709,0.414668,1604.91
-0.25118,-0.1122,0.0368033,0.182519,0.31193,0.413478,0.478091,0.499998,0.477241,0.411854,1604.92
-0.246845,-0.107322,0.0417878,0.187165,0.315822,0.416269,0.479531,0.499959,0.475726,0.408998,1604.93
-0.242484,-0.102433,0.0467681,0.191792,0.319683,0.419018,0.480923,0.499869,0.474163,0.406102,1604.94
-0.238099,-0.097534,0.0517438,0.196399,0.323511,0.421725,0.482267,0.49973,0.472553,0.403165,1604.95
-0.229259,-0.0877073,0.0616791,0.205556,0.331071,0.427012,0.48481,0.499301,0.469191,0.39717,1604.96
-0.224804,-0.0827805,0.0666377,0.210103,0.334801,0.429592,0.486009,0.499012,0.46744,0.394113,1604.97
-0.220327,-0.0778454,0.0715897,0.21463,0.338498,0.432129,0.487159,0.498673,0.465642,0.391016,1604.98
-0.215828,-0.0729026,0.0765345,0.219135,0.342161,0.434623,0.488261,0.498284,0.463797,0.38788,1604.99
-0.211307,-0.0679525,0.0814717,0.223618,0.34579,0.437073,0.489313,0.497845,0.461906,0.384706,1605
-0.206765,-0.0629955,0.0864007,0.228079,0.349384,0.439479,0.490317,0.497356,0.459968,0.381493,1605.01
-0.202202,-0.0580323,0.0913211,0.232517,0.352943,0.441842,0.491272,0.496818,0.457985,0.378242,1605.02
-0.193016,-0.0480889,0.101134,0.241323,0.359955,0.446434,0.493034,0.495592,0.453881,0.371626,1605.03
-0.188394,-0.0431098,0.106025,0.24569,0.363407,0.448663,0.493841,0.494905,0.451761,0.368263,1605.04
-0.183753,-0.0381264,0.110906,0.250032,0.366823,0.450847,0.494598,0.494169,0.449596,0.364862,1605.05
-0.179094,-0.0331391,0.115776,0.25435,0.370203,0.452987,0.495307,0.493382,0.447386,0.361426,1605.06
-0.174417,-0.0281485,0.120634,0.258642,0.373545,0.455081,0.495965,0.492547,0.445131,0.357953,1605.07
-0.169722,-0.0231551,0.125481,0.262908,0.37685,0.457129,0.496574,0.491662,0.442831,0.354444,1605.08
-0.165011,-0.0181594,0.130314,0.267147,0.380117,0.459132,0.497134,0.490728,0.440488,0.350899,1605.09
-0.160283,-0.0131619,0.135135,0.27136,0.383346,0.461089,0.497644,0.489745,0.4381,0.34732,1605.1
-0.155539,-0.00816303,0.139942,0.275546,0.386537,0.462999,0.498104,0.488714,0.435668,0.343706,1605.11
-0.150779,-0.00316338,0.144735,0.279705,0.389689,0.464864,0.498514,0.487633,0.433193,0.340057,1605.12
-0.146005,0.0018366,0.149514,0.283835,0.392802,0.466682,0.498874,0.486503,0.430675,0.336375,1605.13
-0.141215,0.00683639,0.154277,0.287937,0.395876,0.468453,0.499184,0.485325,0.428113,0.332659,1605.14
-0.136412,0.0118355,0.159026,0.29201,0.398911,0.470178,0.499445,0.484098,0.425509,0.32891,1605.15
-0.126765,0.0218297,0.168474,0.300069,0.40486,0.473485,0.499816,0.4815,0.420173,0.321313,1605.16
-0.121922,0.0268237,0.173173,0.304053,0.407773,0.475068,0.499927,0.480128,0.417441,0.317466,1605.17
-0.117067,0.0318151,0.177855,0.308007,0.410646,0.476604,0.499987,0.478709,0.414668,0.313587,1605.18
-0.1122,0.0368033,0.182519,0.31193,0.413478,0.478091,0.499998,0.477241,0.411854,0.309677,1605.19
-0.107322,0.0417878,0.187165,0.315822,0.416269,0.479531,0.499959,0.475726,0.408998,0.305736,1605.2
-0.102433,0.0467681,0.191792,0.319683,0.419018,0.480923,0.499869,0.474163,0.406102,0.301764,1605.21
-0.097534,0.0517438,0.196399,0.323511,0.421725,0.482267,0.49973,0.472553,0.403165,0.297763,1605.22
-0.0877073,0.0616791,0.205556,0.331071,0.427012,0.48481,0.499301,0.469191,0.39717,0.28967,1605.23
-0.0827805,0.0666377,0.210103,0.334801,0.429592,0.486009,0.499012,0.46744,0.394113,0.28558,1605.24
-0.0778454,0.0715897,0.21463,0.338498,0.432129,0.487159,0.498673,0.465642,0.391016,0.281462,1605.25
-0.0729026,0.0765345,0.219135,0.342161,0.434623,0.488261,0.498284,0.463797,0.38788,0.277316,1605.26
-0.0679525,0.0814717,0.223618,0.34579,0.437073,0.489313,0.497845,0.461906,0.384706,0.273141,1605.27
-0.0629955,0.0864007,0.228079,0.349384,0.439479,0.490317,0.497356,0.459968,0.381493,0.26894,1605.28
-0.0580323,0.0913211,0.232517,0.352943,0.441842,0.491272,0.496818,0.457985,0.378242,0.264711,1605.29
-0.0530633,0.0962324,0.236932,0.356467,0.44416,0.492177,0.49623,0.455956,0.374953,0.260456,1605.3
-0.0431098,0.106025,0.24569,0.363407,0.448663,0.493841,0.494905,0.451761,0.368263,0.251869,1605.31
-0.0381264,0.110906,0.250032,0.366823,0.450847,0.494598,0.494169,0.449596,0.364862,0.247537,1605.32
-0.0331391,0.115776,0.25435,0.370203,0.452987,0.495307,0.493382,0.447386,0.361426,0.24318,1605.33
-0.0281485,0.120634,0.258642,0.373545,0.455081,0.495965,0.492547,0.445131,0.357953,0.238799,1605.34
-0.0231551,0.125481,0.262908,0.37685,0.457129,0.496574,0.491662,0.442831,0.354444,0.234395,1605.35
-0.0181594,0.130314,0.267147,0.380117,0.459132,0.497134,0.490728,0.440488,0.350899,0.229966,1605.36
-0.0131619,0.135135,0.27136,0.383346,0.461089,0.497644,0.489745,0.4381,0.34732,0.225515,1605.37
-0.00816303,0.139942,0.275546,0.386537,0.462999,0.498104,0.488714,0.435668,0.343706,0.221041,1605.38
-0.00316338,0.144735,0.279705,0.389689,0.464864,0.498514,0.487633,0.433193,0.340057,0.216546,1605.39
0.00683639,0.154277,0.287937,0.395876,0.468453,0.499184,0.485325,0.428113,0.332659,0.207489,1605.4
0.0118355,0.159026,0.29201,0.398911,0.470178,0.499445,0.484098,0.425509,0.32891,0.20293,1605.41
0.0168334,0.163758,0.296054,0.401905,0.471855,0.499656,0.482823,0.422862,0.325127,0.19835,1605.42
0.0218297,0.168474,0.300069,0.40486,0.473485,0.499816,0.4815,0.420173,0.321313,0.193751,1605.43
0.0268237,0.173173,0.304053,0.407773,0.475068,0.499927,0.480128,0.417441,0.317466,0.189132,1605.44
0.0368033,0.182519,0.31193,0.413478,0.478091,0.499998,0.477241,0.411854,0.309677,0.179837,1605.45
0.0467681,0.191792,0.319683,0.419018,0.480923,0.499869,0.474163,0.406102,0.301764,0.170471,1605.47
0.0567143,0.200988,0.327307,0.42439,0.483563,0.49954,0.470896,0.400187,0.293731,0.161037,1605.49
0.0616791,0.205556,0.331071,0.427012,0.48481,0.499301,0.469191,0.39717,0.28967,0.156295,1605.5
0.0666377,0.210103,0.334801,0.429592,0.486009,0.499012,0.46744,0.394113,0.28558,0.151538,1605.51
0.0715897,0.21463,0.338498,0.432129,0.487159,0.498673,0.465642,0.391016,0.281462,0.146766,1605.52
0.0765345,0.219135,0.342161,0.434623,0.488261,0.498284,0.463797,0.38788,0.277316,0.141979,1605.53
0.0814717,0.223618,0.34579,0.437073,0.489313,0.497845,0.461906,0.384706,0.273141,0.137178,1605.54
0.0864007,0.228079,0.349384,0.439479,0.490317,0.497356,0.459968,0.381493,0.26894,0.132363,1605.55
0.0913211,0.232517,0.352943,0.441842,0.491272,0.496818,0.457985,0.378242,0.264711,0.127535,1605.56
0.0962324,0.236932,0.356467,0.44416,0.492177,0.49623,0.455956,0.374953,0.260456,0.122694,1605.57
0.101134,0.241323,0.359955,0.446434,0.493034,0.495592,0.453881,0.371626,0.256175,0.117841,1605.58
0.110906,0.250032,0.366823,0.450847,0.494598,0.494169,0.449596,0.364862,0.247537,0.108099,1605.59
0.115776,0.25435,0.370203,0.452987,0.495307,0.493382,0.447386,0.361426,0.24318,0.103212,1605.6
0.120634,0.258642,0.373545,0.455081,0.495965,0.492547,0.445131,0.357953,0.238799,0.0983149,1605.61
0.125481,0.262908,0.37685,0.457129,0.496574,0.491662,0.442831,0.354444,0.234395,0.0934077,1605.62
0.130314,0.267147,0.380117,0.459132,0.497134,0.490728,0.440488,0.350899,0.229966,0.0884911,1605.63
0.135135,0.27136,0.383346,0.461089,0.497644,0.489745,0.4381,0.34732,0.225515,0.0835657,1605.64
0.139942,0.275546,0.386537,0.462999,0.498104,0.488714,0.435668,0.343706,0.221041,0.0786319,1605.65
0.144735,0.279705,0.389689,0.464864,0.498514,0.487633,0.433193,0.340057,0.216546,0.0736903,1605.66
0.149514,0.283835,0.392802,0.466682,0.498874,0.486503,0.430675,0.336375,0.212028,0.0687413,1605.67
0.159026,0.29201,0.398911,0.470178,0.499445,0.484098,0.425509,0.32891,0.20293,0.0588232,1605.68
0.163758,0.296054,0.401905,0.471855,0.499656,0.482823,0.422862,0.325127,0.19835,0.053855,1605.69
0.168474,0.300069,0.40486,0.473485,0.499816,0.4815,0.420173,0.321313,0.193751,0.0488815,1605.7
0.173173,0.304053,0.407773,0.475068,0.499927,0.480128,0.417441,0.317466,0.189132,0.0439031,1605.71
0.177855,0.308007,0.410646,0.476604,0.499987,0.478709,0.414668,0.313587,0.184494,0.0389203,1605.72
0.182519,0.31193,0.413478,0.478091,0.499998,0.477241,0.411854,0.309677,0.179837,0.0339336,1605.73
0.187165,0.315822,0.416269,0.479531,0.499959,0.475726,0.408998,0.305736,0.175163,0.0289435,1605.74
0.191792,0.319683,0.419018,0.480923,0.499869,0.474163,0.406102,0.301764,0.170471,0.0239506,1605.75
0.200988,0.327307,0.42439,0.483563,0.49954,0.470896,0.400187,0.293731,0.161037,0.0139579,1605.76
0.205556,0.331071,0.427012,0.48481,0.499301,0.469191,0.39717,0.28967,0.156295,0.00895924,1605.77
0.210103,0.334801,0.429592,0.486009,0.499012,0.46744,0.394113,0.28558,0.151538,0.00395968,1605.78
0.21463,0.338498,0.432129,0.487159,0.498673,0.465642,0.391016,0.281462,0.146766,-0.00104028,1605.79
0.219135,0.342161,0.434623,0.488261,0.498284,0.463797,0.38788,0.277316,0.141979,-0.00604013,1605.8
0.223618,0.34579,0.437073,0.489313,0.497845,0.461906,0.384706,0.273141,0.137178,-0.0110394,1605.81
0.228079,0.349384,0.439479,0.490317,0.497356,0.459968,0.381493,0.26894,0.132363,-0.0160375,1605.82
0.232517,0.352943,0.441842,0.491272,0.496818,0.457985,0.378242,0.264711,0.127535,-0.0210341,1605.83
0.236932,0.356467,0.44416,0.492177,0.49623,0.455956,0.374953,0.260456,0.122694,-0.0260285,1605.84
0.24569,0.363407,0.448663,0.493841,0.494905,0.451761,0.368263,0.251869,0.112976,-0.0360091,1605.85
0.250032,0.366823,0.450847,0.494598,0.494169,0.449596,0.364862,0.247537,0.108099,-0.0409942,1605.86
0.25435,0.370203,0.452987,0.495307,0.493382,0.447386,0.361426,0.24318,0.103212,-0.0459752,1605.87
0.258642,0.373545,0.455081,0.495965,0.492547,0.445131,0.357953,0.238799,0.0983149,-0.0509517,1605.88
0.262908,0.37685,0.457129,0.496574,0.491662,0.442831,0.354444,0.234395,0.0934077,-0.055923,1605.89
0.267147,0.380117,0.459132,0.497134,0.490728,0.440488,0.350899,0.229966,0.0884911,-0.0608888,1605.9
0.27136,0.383346,0.461089,0.497644,0.489745,0.4381,0.34732,0.225515,0.0835657,-0.0658484,1605.91
0.275546,0.386537,0.462999,0.498104,0.488714,0.435668,0.343706,0.221041,0.0786319,-0.0708015,1605.92
0.279705,0.389689,0.464864,0.498514,0.487633,0.433193,0.340057,0.216546,0.0736903,-0.0757475,1605.93
0.283835,0.392802,0.466682,0.498874,0.486503,0.430675,0.336375,0.212028,0.0687413,-0.0806859,1605.94
0.29201,0.398911,0.470178,0.499445,0.484098,0.425509,0.32891,0.20293,0.0588232,-0.0905381,1605.95
0.296054,0.401905,0.471855,0.499656,0.482823,0.422862,0.325127,0.19835,0.053855,-0.0954508,1605.96
0.300069,0.40486,0.473485,0.499816,0.4815,0.420173,0.321313,0.193751,0.0488815,-0.100354,1605.97
0.304053,0.407773,0.475068,0.499927,0.480128,0.417441,0.317466,0.189132,0.0439031,-0.105247,1605.98
0.308007,0.410646,0.476604,0.499987,0.478709,0.414668,0.313587,0.184494,0.0389203,-0.11013,1605.99
0.31193,0.413478,0.478091,0.499998,0.477241,0.411854,0.309677,0.179837,0.0339336,-0.115001,1606
0.315822,0.416269,0.479531,0.499959,0.475726,0.408998,0.305736,0.175163,0.0289435,-0.119862,1606.01
0.319683,0.419018,0.480923,0.499869,0.474163,0.406102,0.301764,0.170471,0.0239506,-0.12471,1606.02
0.323511,0.421725,0.482267,0.49973,0.472553,0.403165,0.297763,0.165762,0.0189552,-0.129545,1606.03
0.331071,0.427012,0.48481,0.499301,0.469191,0.39717,0.28967,0.156295,0.00895924,-0.139177,1606.04
0.334801,0.429592,0.486009,0.499012,0.46744,0.394113,0.28558,0.151538,0.00395968,-0.143973,1606.05
0.338498,0.432129,0.487159,0.498673,0.465642,0.391016,0.281462,0.146766,-0.00104028,-0.148754,1606.06
0.342161,0.434623,0.488261,0.498284,0.463797,0.38788,0.277316,0.141979,-0.00604013,-0.15352,1606.07
0.349384,0.439479,0.490317,0.497356,0.459968,0.381493,0.26894,0.132363,-0.0160375,-0.163005,1606.08
0.352943,0.441842,0.491272,0.496818,0.457985,0.378242,0.264711,0.127535,-0.0210341,-0.167724,1606.09
0.356467,0.44416,0.492177,0.49623,0.455956,0.374953,0.260456,0.122694,-0.0260285,-0.172426,1606.1
0.359955,0.446434,0.493034,0.495592,0.453881,0.371626,0.256175,0.117841,-0.0310203,-0.17711,1606.11
0.363407,0.448663,0.493841,0.494905,0.451761,0.368263,0.251869,0.112976,-0.0360091,-0.181777,1606.12
0.366823,0.450847,0.494598,0.494169,0.449596,0.364862,0.247537,0.108099,-0.0409942,-0.186426,1606.13
0.373545,0.455081,0.495965,0.492547,0.445131,0.357953,0.238799,0.0983149,-0.0509517,-0.195667,1606.14
0.37685,0.457129,0.496574,0.491662,0.442831,0.354444,0.234395,0.0934077,-0.055923,-0.200258,1606.15
0.380117,0.459132,0.497134,0.490728,0.440488,0.350899,0.229966,0.0884911,-0.0608888,-0.20483,1606.16
0.383346,0.461089,0.497644,0.489745,0.4381,0.34732,0.225515,0.0835657,-0.0658484,-0.209381,1606.17
0.386537,0.462999,0.498104,0.488714,0.435668,0.343706,0.221041,0.0786319,-0.0708015,-0.21391,1606.18
0.389689,0.464864,0.498514,0.487633,0.433193,0.340057,0.216546,0.0736903,-0.0757475,-0.218419,1606.19
0.392802,0.466682,0.498874,0.486503,0.430675,0.336375,0.212028,0.0687413,-0.0806859,-0.222906,1606.2
0.395876,0.468453,0.499184,0.485325,0.428113,0.332659,0.207489,0.0637854,-0.0856163,-0.22737,1606.21
0.398911,0.470178,0.499445,0.484098,0.425509,0.32891,0.20293,0.0588232,-0.0905381,-0.231812,1606.22
0.401905,0.471855,0.499656,0.482823,0.422862,0.325127,0.19835,0.053855,-0.0954508,-0.23623,1606.23
0.40486,0.473485,0.499816,0.4815,0.420173,0.321313,0.193751,0.0488815,-0.100354,-0.240625,1606.24
0.410646,0.476604,0.499987,0.478709,0.414668,0.313587,0.184494,0.0389203,-0.11013,-0.249342,1606.25
0.413478,0.478091,0.499998,0.477241,0.411854,0.309677,0.179837,0.0339336,-0.115001,-0.253664,1606.26
0.416269,0.479531,0.499959,0.475726,0.408998,0.305736,0.175163,0.0289435,-0.119862,-0.25796,1606.27
0.419018,0.480923,0.499869,0.474163,0.406102,0.301764,0.170471,0.0239506,-0.12471,-0.26223,1606.28
0.421725,0.482267,0.49973,0.472553,0.403165,0.297763,0.165762,0.0189552,-0.129545,-0.266474,1606.29
0.42439,0.483563,0.49954,0.470896,0.400187,0.293731,0.161037,0.0139579,-0.134368,-0.270691,1606.3
0.427012,0.48481,0.499301,0.469191,0.39717,0.28967,0.156295,0.00895924,-0.139177,-0.274882,1606.31
0.432129,0.487159,0.498673,0.465642,0.391016,0.281462,0.146766,-0.00104028,-0.148754,-0.283179,1606.32
0.434623,0.488261,0.498284,0.463797,0.38788,0.277316,0.141979,-0.00604013,-0.15352,-0.287286,1606.33
0.437073,0.489313,0.497845,0.461906,0.384706,0.273141,0.137178,-0.0110394,-0.15827,-0.291364,1606.34
0.439479,0.490317,0.497356,0.459968,0.381493,0.26894,0.132363,-0.0160375,-0.163005,-0.295412,1606.35
0.441842,0.491272,0.496818,0.457985,0.378242,0.264711,0.127535,-0.0210341,-0.167724,-0.299431,1606.36
0.44416,0.492177,0.49623,0.455956,0.374953,0.260456,0.122694,-0.0260285,-0.172426,-0.303421,1606.37
0.448663,0.493841,0.494905,0.451761,0.368263,0.251869,0.112976,-0.0360091,-0.181777,-0.311308,1606.38
0.450847,0.494598,0.494169,0.449596,0.364862,0.247537,0.108099,-0.0409942,-0.186426,-0.315205,1606.39
0.452987,0.495307,0.493382,0.447386,0.361426,0.24318,0.103212,-0.0459752,-0.191056,-0.31907,1606.4
0.455081,0.495965,0.492547,0.445131,0.357953,0.238799,0.0983149,-0.0509517,-0.195667,-0.322904,1606.41
0.457129,0.496574,0.491662,0.442831,0.354444,0.234395,0.0934077,-0.055923,-0.200258,-0.326705,1606.42
0.459132,0.497134,0.490728,0.440488,0.350899,0.229966,0.0884911,-0.0608888,-0.20483,-0.330474,1606.43
0.461089,0.497644,0.489745,0.4381,0.34732,0.225515,0.0835657,-0.0658484,-0.209381,-0.334209,1606.44
0.462999,0.498104,0.488714,0.435668,0.343706,0.221041,0.0786319,-0.0708015,-0.21391,-0.337911,1606.45
0.466682,0.498874,0.486503,0.430675,0.336375,0.212028,0.0687413,-0.0806859,-0.222906,-0.345214,1606.46
0.468453,0.499184,0.485325,0.428113,0.332659,0.207489,0.0637854,-0.0856163,-0.22737,-0.348814,1606.47
0.470178,0.499445,0.484098,0.425509,0.32891,0.20293,0.0588232,-0.0905381,-0.231812,-0.352378,1606.48
0.471855,0.499656,0.482823,0.422862,0.325127,0.19835,0.053855,-0.0954508,-0.23623,-0.355908,1606.49
0.473485,0.499816,0.4815,0.420173,0.321313,0.193751,0.0488815,-0.100354,-0.240625,-0.359402,1606.5
0.475068,0.499927,0.480128,0.417441,0.317466,0.189132,0.0439031,-0.105247,-0.244996,-0.36286,1606.51
0.476604,0.499987,0.478709,0.414668,0.313587,0.184494,0.0389203,-0.11013,-0.249342,-0.366282,1606.52
0.479531,0.499959,0.475726,0.408998,0.305736,0.175163,0.0289435,-0.119862,-0.25796,-0.373015,1606.53
0.480923,0.499869,0.474163,0.406102,0.301764,0.170471,0.0239506,-0.12471,-0.26223,-0.376326,1606.54
0.482267,0.49973,0.472553,0.403165,0.297763,0.165762,0.0189552,-0.129545,-0.266474,-0.379599,1606.55
0.483563,0.49954,0.470896,0.400187,0.293731,0.161037,0.0139579,-0.134368,-0.270691,-0.382834,1606.56
0.48481,0.499301,0.469191,0.39717,0.28967,0.156295,0.00895924,-0.139177,-0.274882,-0.386031,1606.57
0.486009,0.499012,0.46744,0.394113,0.28558,0.151538,0.00395968,-0.143973,-0.279044,-0.38919,1606.58
0.487159,0.498673,0.465642,0.391016,0.281462,0.146766,-0.00104028,-0.148754,-0.283179,-0.392309,1606.59
0.488261,0.498284,0.463797,0.38788,0.277316,0.141979,-0.00604013,-0.15352,-0.287286,-0.395389,1606.6
0.489313,0.497845,0.461906,0.384706,0.273141,0.137178,-0.0110394,-0.15827,-0.291364,-0.39843,1606.61
0.490317,0.497356,0.459968,0.381493,0.26894,0.132363,-0.0160375,-0.163005,-0.295412,-0.401431,1606.62
0.491272,0.496818,0.457985,0.378242,0.264711,0.127535,-0.0210341,-0.167724,-0.299431,-0.404392,1606.63
0.492177,0.49623,0.455956,0.374953,0.260456,0.122694,-0.0260285,-0.172426,-0.303421,-0.407312,1606.64
0.493841,0.494905,0.451761,0.368263,0.251869,0.112976,-0.0360091,-0.181777,-0.311308,-0.41303,1606.65
0.494598,0.494169,0.449596,0.364862,0.247537,0.108099,-0.0409942,-0.186426,-0.315205,-0.415827,1606.66
0.495307,0.493382,0.447386,0.361426,0.24318,0.103212,-0.0459752,-0.191056,-0.31907,-0.418583,1606.67
0.495965,0.492547,0.445131,0.357953,0.238799,0.0983149,-0.0509517,-0.195667,-0.322904,-0.421297,1606.68
0.496574,0.491662,0.442831,0.354444,0.234395,0.0934077,-0.055923,-0.200258,-0.326705,-0.423968,1606.69
0.497134,0.490728,0.440488,0.350899,0.229966,0.0884911,-0.0608888,-0.20483,-0.330474,-0.426598,1606.7
0.497644,0.489745,0.4381,0.34732,0.225515,0.0835657,-0.0658484,-0.209381,-0.334209,-0.429184,1606.71
0.498104,0.488714,0.435668,0.343706,0.221041,0.0786319,-0.0708015,-0.21391,-0.337911,-0.431728,1606.72
0.498874,0.486503,0.430675,0.336375,0.212028,0.0687413,-0.0806859,-0.222906,-0.345214,-0.436685,1606.73
0.499184,0.485325,0.428113,0.332659,0.207489,0.0637854,-0.0856163,-0.22737,-0.348814,-0.439099,1606.74
0.499445,0.484098,0.425509,0.32891,0.20293,0.0588232,-0.0905381,-0.231812,-0.352378,-0.441468,1606.75
0.499656,0.482823,0.422862,0.325127,0.19835,0.053855,-0.0954508,-0.23623,-0.355908,-0.443794,1606.76
0.499816,0.4815,0.420173,0.321313,0.193751,0.0488815,-0.100354,-0.240625,-0.359402,-0.446075,1606.77
0.499927,0.480128,0.417441,0.317466,0.189132,0.0439031,-0.105247,-0.244996,-0.36286,-0.448311,1606.78
0.499987,0.478709,0.414668,0.313587,0.184494,0.0389203,-0.11013,-0.249342,-0.366282,-0.450502,1606.79
0.499998,0.477241,0.411854,0.309677,0.179837,0.0339336,-0.115001,-0.253664,-0.369667,-0.452649,1606.8
0.499959,0.475726,0.408998,0.305736,0.175163,0.0289435,-0.119862,-0.25796,-0.373015,-0.45475,1606.81
0.499869,0.474163,0.406102,0.301764,0.170471,0.0239506,-0.12471,-0.26223,-0.376326,-0.456806,1606.82
0.49973,0.472553,0.403165,0.297763,0.165762,0.0189552,-0.129545,-0.266474,-0.379599,-0.458816,1606.83
0.499301,0.469191,0.39717,0.28967,0.156295,0.00895924,-0.139177,-0.274882,-0.386031,-0.462698,1606.84
0.499012,0.46744,0.394113,0.28558,0.151538,0.00395968,-0.143973,-0.279044,-0.38919,-0.46457,1606.85
0.498673,0.465642,0.391016,0.281462,0.146766,-0.00104028,-0.148754,-0.283179,-0.392309,-0.466395,1606.86
0.498284,0.463797,0.38788,0.277316,0.141979,-0.00604013,-0.15352,-0.287286,-0.395389,-0.468174,1606.87
0.497845,0.461906,0.384706,0.273141,0.137178,-0.0110394,-0.15827,-0.291364,-0.39843,-0.469906,1606.88
0.497356,0.459968,0.381493,0.26894,0.132363,-0.0160375,-0.163005,-0.295412,-0.401431,-0.471591,1606.89
0.496818,0.457985,0.378242,0.264711,0.127535,-0.0210341,-0.167724,-0.299431,-0.404392,-0.473229,1606.9
0.49623,0.455956,0.374953,0.260456,0.122694,-0.0260285,-0.172426,-0.303421,-0.407312,-0.474819,1606.91
0.495592,0.453881,0.371626,0.256175,0.117841,-0.0310203,-0.17711,-0.30738,-0.410192,-0.476362,1606.92
0.494169,0.449596,0.364862,0.247537,0.108099,-0.0409942,-0.186426,-0.315205,-0.415827,-0.479305,1606.93
0.493382,0.447386,0.361426,0.24318,0.103212,-0.0459752,-0.191056,-0.31907,-0.418583,-0.480705,1606.94
0.492547,0.445131,0.357953,0.238799,0.0983149,-0.0509517,-0.195667,-0.322904,-0.421297,-0.482056,1606.95
0.491662,0.442831,0.354444,0.234395,0.0934077,-0.055923,-0.200258,-0.326705,-0.423968,-0.48336,1606.96
0.489745,0.4381,0.34732,0.225515,0.0835657,-0.0658484,-0.209381,-0.334209,-0.429184,-0.485821,1606.97
0.488714,0.435668,0.343706,0.221041,0.0786319,-0.0708015,-0.21391,-0.337911,-0.431728,-0.486979,1606.98
0.487633,0.433193,0.340057,0.216546,0.0736903,-0.0757475,-0.218419,-0.34158,-0.434228,-0.488088,1606.99
0.486503,0.430675,0.336375,0.212028,0.0687413,-0.0806859,-0.222906,-0.345214,-0.436685,-0.489149,1607
0.485325,0.428113,0.332659,0.207489,0.0637854,-0.0856163,-0.22737,-0.348814,-0.439099,-0.49016,1607.01
0.484098,0.425509,0.32891,0.20293,0.0588232,-0.0905381,-0.231812,-0.352378,-0.441468,-0.491123,1607.02
0.482823,0.422862,0.325127,0.19835,0.053855,-0.0954508,-0.23623,-0.355908,-0.443794,-0.492036,1607.03
0.4815,0.420173,0.321313,0.193751,0.0488815,-0.100354,-0.240625,-0.359402,-0.446075,-0.492901,1607.04
0.480128,0.417441,0.317466,0.189132,0.0439031,-0.105247,-0.244996,-0.36286,-0.448311,-0.493716,1607.05
0.478709,0.414668,0.313587,0.184494,0.0389203,-0.11013,-0.249342,-0.366282,-0.450502,-0.494481,1607.06
0.475726,0.408998,0.305736,0.175163,0.0289435,-0.119862,-0.25796,-0.373015,-0.45475,-0.495864,1607.07
0.474163,0.406102,0.301764,0.170471,0.0239506,-0.12471,-0.26223,-0.376326,-0.456806,-0.496481,1607.08
0.472553,0.403165,0.297763,0.165762,0.0189552,-0.129545,-0.266474,-0.379599,-0.458816,-0.497048,1607.09
0.470896,0.400187,0.293731,0.161037,0.0139579,-0.134368,-0.270691,-0.382834,-0.46078,-0.497566,1607.1
0.469191,0.39717,0.28967,0.156295,0.00895924,-0.139177,-0.274882,-0.386031,-0.462698,-0.498034,1607.11
0.46744,0.394113,0.28558,0.151538,0.00395968,-0.143973,-0.279044,-0.38919,-0.46457,-0.498452,1607.12
0.465642,0.391016,0.281462,0.146766,-0.00104028,-0.148754,-0.283179,-0.392309,-0.466395,-0.49882,1607.13
0.463797,0.38788,0.277316,0.141979,-0.00604013,-0.15352,-0.287286,-0.395389,-0.468174,-0.499138,1607.14
0.461906,0.384706,0.273141,0.137178,-0.0110394,-0.15827,-0.291364,-0.39843,-0.469906,-0.499407,1607.15
0.459968,0.381493,0.26894,0.132363,-0.0160375,-0.163005,-0.295412,-0.401431,-0.471591,-0.499625,1607.16
0.455956,0.374953,0.260456,0.122694,-0.0260285,-0.172426,-0.303421,-0.407312,-0.474819,-0.499912,1607.17
0.453881,0.371626,0.256175,0.117841,-0.0310203,-0.17711,-0.30738,-0.410192,-0.476362,-0.499981,1607.18
0.451761,0.368263,0.251869,0.112976,-0.0360091,-0.181777,-0.311308,-0.41303,-0.477858,-0.5,1607.19
0.449596,0.364862,0.247537,0.108099,-0.0409942,-0.186426,-0.315205,-0.415827,-0.479305,-0.499968,1607.2
0.447386,0.361426,0.24318,0.103212,-0.0459752,-0.191056,-0.31907,-0.418583,-0.480705,-0.499887,1607.21
0.445131,0.357953,0.238799,0.0983149,-0.0509517,-0.195667,-0.322904,-0.421297,-0.482056,-0.499755,1607.22
0.442831,0.354444,0.234395,0.0934077,-0.055923,-0.200258,-0.326705,-0.423968,-0.48336,-0.499574,1607.23
0.440488,0.350899,0.229966,0.0884911,-0.0608888,-0.20483,-0.330474,-0.426598,-0.484615,-0.499343,1607.24
0.435668,0.343706,0.221041,0.0786319,-0.0708015,-0.21391,-0.337911,-0.431728,-0.486979,-0.49873,1607.25
0.433193,0.340057,0.216546,0.0736903,-0.0757475,-0.218419,-0.34158,-0.434228,-0.488088,-0.498349,1607.26
0.430675,0.336375,0.212028,0.0687413,-0.0806859,-0.222906,-0.345214,-0.436685,-0.489149,-0.497918,1607.27
0.428113,0.332659,0.207489,0.0637854,-0.0856163,-0.22737,-0.348814,-0.439099,-0.49016,-0.497438,1607.28
0.425509,0.32891,0.20293,0.0588232,-0.0905381,-0.231812,-0.352378,-0.441468,-0.491123,-0.496907,1607.29
0.422862,0.325127,0.19835,0.053855,-0.0954508,-0.23623,-0.355908,-0.443794,-0.492036,-0.496327,1607.3
0.420173,0.321313,0.193751,0.0488815,-0.100354,-0.240625,-0.359402,-0.446075,-0.492901,-0.495697,1607.31
0.417441,0.317466,0.189132,0.0439031,-0.105247,-0.244996,-0.36286,-0.448311,-0.493716,-0.495018,1607.32
0.411854,0.309677,0.179837,0.0339336,-0.115001,-0.253664,-0.369667,-0.452649,-0.495197,-0.493511,1607.33
0.408998,0.305736,0.175163,0.0289435,-0.119862,-0.25796,-0.373015,-0.45475,-0.495864,-0.492683,1607.35
0.403165,0.297763,0.165762,0.0189552,-0.129545,-0.266474,-0.379599,-0.458816,-0.497048,-0.49088,1607.36
0.400187,0.293731,0.161037,0.0139579,-0.134368,-0.270691,-0.382834,-0.46078,-0.497566,-0.489905,1607.37
0.39717,0.28967,0.156295,0.00895924,-0.139177,-0.274882,-0.386031,-0.462698,-0.498034,-0.488881,1607.38
0.394113,0.28558,0.151538,0.00395968,-0.143973,-0.279044,-0.38919,-0.46457,-0.498452,-0.487808,1607.39
0.391016,0.281462,0.146766,-0.00104028,-0.148754,-0.283179,-0.392309,-0.466395,-0.49882,-0.486686,1607.4
0.384706,0.273141,0.137178,-0.0110394,-0.15827,-0.291364,-0.39843,-0.469906,-0.499407,-0.484297,1607.41
0.381493,0.26894,0.132363,-0.0160375,-0.163005,-0.295412,-0.401431,-0.471591,-0.499625,-0.48303,1607.42
0.378242,0.264711,0.127535,-0.0210341,-0.167724,-0.299431,-0.404392,-0.473229,-0.499794,-0.481714,1607.43
0.374953,0.260456,0.122694,-0.0260285,-0.172426,-0.303421,-0.407312,-0.474819,-0.499912,-0.48035,1607.44
0.371626,0.256175,0.117841,-0.0310203,-0.17711,-0.30738,-0.410192,-0.476362,-0.499981,-0.478938,1607.45
0.368263,0.251869,0.112976,-0.0360091,-0.181777,-0.311308,-0.41303,-0.477858,-0.5,-0.477478,1607.46
0.361426,0.24318,0.103212,-0.0459752,-0.191056,-0.31907,-0.418583,-0.480705,-0.499887,-0.474415,1607.47
0.357953,0.238799,0.0983149,-0.0509517,-0.195667,-0.322904,-0.421297,-0.482056,-0.499755,-0.472813,1607.48
0.354444,0.234395,0.0934077,-0.055923,-0.200258,-0.326705,-0.423968,-0.48336,-0.499574,-0.471163,1607.49
0.350899,0.229966,0.0884911,-0.0608888,-0.20483,-0.330474,-0.426598,-0.484615,-0.499343,-0.469466,1607.5
0.34732,0.225515,0.0835657,-0.0658484,-0.209381,-0.334209,-0.429184,-0.485821,-0.499061,-0.467722,1607.51
0.343706,0.221041,0.0786319,-0.0708015,-0.21391,-0.337911,-0.431728,-0.486979,-0.49873,-0.465931,1607.52
0.340057,0.216546,0.0736903,-0.0757475,-0.218419,-0.34158,-0.434228,-0.488088,-0.498349,-0.464094,1607.53
0.332659,0.207489,0.0637854,-0.0856163,-0.22737,-0.348814,-0.439099,-0.49016,-0.497438,-0.46028,1607.54
0.32891,0.20293,0.0588232,-0.0905381,-0.231812,-0.352378,-0.441468,-0.491123,-0.496907,-0.458304,1607.55
0.325127,0.19835,0.053855,-0.0954508,-0.23623,-0.355908,-0.443794,-0.492036,-0.496327,-0.456282,1607.56
0.321313,0.193751,0.0488815,-0.100354,-0.240625,-0.359402,-0.446075,-0.492901,-0.495697,-0.454215,1607.57
0.317466,0.189132,0.0439031,-0.105247,-0.244996,-0.36286,-0.448311,-0.493716,-0.495018,-0.452102,1607.58
0.309677,0.179837,0.0339336,-0.115001,-0.253664,-0.369667,-0.452649,-0.495197,-0.493511,-0.447741,1607.59
0.305736,0.175163,0.0289435,-0.119862,-0.25796,-0.373015,-0.45475,-0.495864,-0.492683,-0.445493,1607.6
0.301764,0.170471,0.0239506,-0.12471,-0.26223,-0.376326,-0.456806,-0.496481,-0.491806,-0.443201,1607.61
0.297763,0.165762,0.0189552,-0.129545,-0.266474,-0.379599,-0.458816,-0.497048,-0.49088,-0.440864,1607.62
0.293731,0.161037,0.0139579,-0.134368,-0.270691,-0.382834,-0.46078,-0.497566,-0.489905,-0.438483,1607.63
0.28967,0.156295,0.00895924,-0.139177,-0.274882,-0.386031,-0.462698,-0.498034,-0.488881,-0.436058,1607.64
0.28558,0.151538,0.00395968,-0.143973,-0.279044,-0.38919,-0.46457,-0.498452,-0.487808,-0.43359,1607.65
0.277316,0.141979,-0.00604013,-0.15352,-0.287286,-0.395389,-0.468174,-0.499138,-0.485516,-0.428524,1607.66
0.273141,0.137178,-0.0110394,-0.15827,-0.291364,-0.39843,-0.469906,-0.499407,-0.484297,-0.425926,1607.67
0.26894,0.132363,-0.0160375,-0.163005,-0.295412,-0.401431,-0.471591,-0.499625,-0.48303,-0.423286,1607.68
0.264711,0.127535,-0.0210341,-0.167724,-0.299431,-0.404392,-0.473229,-0.499794,-0.481714,-0.420604,1607.69
0.260456,0.122694,-0.0260285,-0.172426,-0.303421,-0.407312,-0.474819,-0.499912,-0.48035,-0.417879,1607.7
0.256175,0.117841,-0.0310203,-0.17711,-0.30738,-0.410192,-0.476362,-0.499981,-0.478938,-0.415113,1607.71
0.251869,0.112976,-0.0360091,-0.181777,-0.311308,-0.41303,-0.477858,-0.5,-0.477478,-0.412305,1607.72
0.247537,0.108099,-0.0409942,-0.186426,-0.315205,-0.415827,-0.479305,-0.499968,-0.475971,-0.409456,1607.73
0.24318,0.103212,-0.0459752,-0.191056,-0.31907,-0.418583,-0.480705,-0.499887,-0.474415,-0.406566,1607.74
0.234395,0.0934077,-0.055923,-0.200258,-0.326705,-0.423968,-0.48336,-0.499574,-0.471163,-0.400664,1607.75
0.229966,0.0884911,-0.0608888,-0.20483,-0.330474,-0.426598,-0.484615,-0.499343,-0.469466,-0.397653,1607.76
0.225515,0.0835657,-0.0658484,-0.209381,-0.334209,-0.429184,-0.485821,-0.499061,-0.467722,-0.394602,1607.77
0.221041,0.0786319,-0.0708015,-0.21391,-0.337911,-0.431728,-0.486979,-0.49873,-0.465931,-0.391512,1607.78
0.216546,0.0736903,-0.0757475,-0.218419,-0.34158,-0.434228,-0.488088,-0.498349,-0.464094,-0.388382,1607.79
0.212028,0.0687413,-0.0806859,-0.222906,-0.345214,-0.436685,-0.489149,-0.497918,-0.46221,-0.385214,1607.8
0.207489,0.0637854,-0.0856163,-0.22737,-0.348814,-0.439099,-0.49016,-0.497438,-0.46028,-0.382007,1607.81
0.20293,0.0588232,-0.0905381,-0.231812,-0.352378,-0.441468,-0.491123,-0.496907,-0.458304,-0.378762,1607.82
0.19835,0.053855,-0.0954508,-0.23623,-0.355908,-0.443794,-0.492036,-0.496327,-0.456282,-0.375479,1607.83
0.193751,0.0488815,-0.100354,-0.240625,-0.359402,-0.446075,-0.492901,-0.495697,-0.454215,-0.372159,1607.84
0.189132,0.0439031,-0.105247,-0.244996,-0.36286,-0.448311,-0.493716,-0.495018,-0.452102,-0.368801,1607.85
0.179837,0.0339336,-0.115001,-0.253664,-0.369667,-0.452649,-0.495197,-0.493511,-0.447741,-0.361975,1607.86
0.175163,0.0289435,-0.119862,-0.25796,-0.373015,-0.45475,-0.495864,-0.492683,-0.445493,-0.358508,1607.87
0.170471,0.0239506,-0.12471,-0.26223,-0.376326,-0.456806,-0.496481,-0.491806,-0.443201,-0.355005,1607.88
0.165762,0.0189552,-0.129545,-0.266474,-0.379599,-0.458816,-0.497048,-0.49088,-0.440864,-0.351466,1607.89
0.161037,0.0139579,-0.134368,-0.270691,-0.382834,-0.46078,-0.497566,-0.489905,-0.438483,-0.347892,1607.9
0.156295,0.00895924,-0.139177,-0.274882,-0.386031,-0.462698,-0.498034,-0.488881,-0.436058,-0.344284,1607.91
0.151538,0.00395968,-0.143973,-0.279044,-0.38919,-0.46457,-0.498452,-0.487808,-0.43359,-0.340641,1607.92
0.146766,-0.00104028,-0.148754,-0.283179,-0.392309,-0.466395,-0.49882,-0.486686,-0.431079,-0.336964,1607.93
0.127535,-0.0210341,-0.167724,-0.299431,-0.404392,-0.473229,-0.499794,-0.481714,-0.420604,-0.321922,1607.95
0.122694,-0.0260285,-0.172426,-0.303421,-0.407312,-0.474819,-0.499912,-0.48035,-0.417879,-0.31808,1607.97
0.117841,-0.0310203,-0.17711,-0.30738,-0.410192,-0.476362,-0.499981,-0.478938,-0.415113,-0.314207,1607.98
0.112976,-0.0360091,-0.181777,-0.311308,-0.41303,-0.477858,-0.5,-0.477478,-0.412305,-0.310302,1607.99
0.108099,-0.0409942,-0.186426,-0.315205,-0.415827,-0.479305,-0.499968,-0.475971,-0.409456,-0.306366,1608
0.103212,-0.0459752,-0.191056,-0.31907,-0.418583,-0.480705,-0.499887,-0.474415,-0.406566,-0.302399,1608.01
0.0934077,-0.055923,-0.200258,-0.326705,-0.423968,-0.48336,-0.499574,-0.471163,-0.400664,-0.294375,1608.02
0.0884911,-0.0608888,-0.20483,-0.330474,-0.426598,-0.484615,-0.499343,-0.469466,-0.397653,-0.290319,1608.03
0.0835657,-0.0658484,-0.209381,-0.334209,-0.429184,-0.485821,-0.499061,-0.467722,-0.394602,-0.286234,1608.04
0.0786319,-0.0708015,-0.21391,-0.337911,-0.431728,-0.486979,-0.49873,-0.465931,-0.391512,-0.28212,1608.05
0.0736903,-0.0757475,-0.218419,-0.34158,-0.434228,-0.488088,-0.498349,-0.464094,-0.388382,-0.277978,1608.06
0.0687413,-0.0806859,-0.222906,-0.345214,-0.436685,-0.489149,-0.497918,-0.46221,-0.385214,-0.273808,1608.07
0.0588232,-0.0905381,-0.231812,-0.352378,-0.441468,-0.491123,-0.496907,-0.458304,-0.378762,-0.265386,1608.08
0.053855,-0.0954508,-0.23623,-0.355908,-0.443794,-0.492036,-0.496327,-0.456282,-0.375479,-0.261136,1608.1
0.0488815,-0.100354,-0.240625,-0.359402,-0.446075,-0.492901,-0.495697,-0.454215,-0.372159,-0.256859,1608.11
0.0389203,-0.11013,-0.249342,-0.366282,-0.450502,-0.494481,-0.494289,-0.449944,-0.365406,-0.248228,1608.12
0.0339336,-0.115001,-0.253664,-0.369667,-0.452649,-0.495197,-0.493511,-0.447741,-0.361975,-0.243876,1608.13
0.0289435,-0.119862,-0.25796,-0.373015,-0.45475,-0.495864,-0.492683,-0.445493,-0.358508,-0.239499,1608.14
0.0239506,-0.12471,-0.26223,-0.376326,-0.456806,-0.496481,-0.491806,-0.443201,-0.355005,-0.235098,1608.15
0.0189552,-0.129545,-0.266474,-0.379599,-0.458816,-0.497048,-0.49088,-0.440864,-0.351466,-0.230673,1608.16
0.0139579,-0.134368,-0.270691,-0.382834,-0.46078,-0.497566,-0.489905,-0.438483,-0.347892,-0.226226,1608.17
0.00895924,-0.139177,-0.274882,-0.386031,-0.462698,-0.498034,-0.488881,-0.436058,-0.344284,-0.221755,1608.18
-0.00104028,-0.148754,-0.283179,-0.392309,-0.466395,-0.49882,-0.486686,-0.431079,-0.336964,-0.212749,1608.19
-0.0110394,-0.15827,-0.291364,-0.39843,-0.469906,-0.499407,-0.484297,-0.425926,-0.329509,-0.203657,1608.21
-0.0160375,-0.163005,-0.295412,-0.401431,-0.471591,-0.499625,-0.48303,-0.423286,-0.325732,-0.199081,1608.22
-0.0210341,-0.167724,-0.299431,-0.404392,-0.473229,-0.499794,-0.481714,-0.420604,-0.321922,-0.194484,1608.23
-0.0260285,-0.172426,-0.303421,-0.407312,-0.474819,-0.499912,-0.48035,-0.417879,-0.31808,-0.189869,1608.24
-0.0310203,-0.17711,-0.30738,-0.410192,-0.476362,-0.499981,-0.478938,-0.415113,-0.314207,-0.185234,1608.25
-0.0360091,-0.181777,-0.311308,-0.41303,-0.477858,-0.5,-0.477478,-0.412305,-0.310302,-0.18058,1608.26
-0.0409942,-0.186426,-0.315205,-0.415827,-0.479305,-0.499968,-0.475971,-0.409456,-0.306366,-0.175909,1608.27
-0.0459752,-0.191056,-0.31907,-0.418583,-0.480705,-0.499887,-0.474415,-0.406566,-0.302399,-0.17122,1608.28
-0.0509517,-0.195667,-0.322904,-0.421297,-0.482056,-0.499755,-0.472813,-0.403635,-0.298402,-0.166514,1608.29
-0.055923,-0.200258,-0.326705,-0.423968,-0.48336,-0.499574,-0.471163,-0.400664,-0.294375,-0.161791,1608.3
-0.0608888,-0.20483,-0.330474,-0.426598,-0.484615,-0.499343,-0.469466,-0.397653,-0.290319,-0.157052,1608.31
-0.0708015,-0.21391,-0.337911,-0.431728,-0.486979,-0.49873,-0.465931,-0.391512,-0.28212,-0.147527,1608.32
-0.0757475,-0.218419,-0.34158,-0.434228,-0.488088,-0.498349,-0.464094,-0.388382,-0.277978,-0.142742,1608.33
-0.0806859,-0.222906,-0.345214,-0.436685,-0.489149,-0.497918,-0.46221,-0.385214,-0.273808,-0.137943,1608.34
-0.0856163,-0.22737,-0.348814,-0.439099,-0.49016,-0.497438,-0.46028,-0.382007,-0.269611,-0.133131,1608.35
-0.0905381,-0.231812,-0.352378,-0.441468,-0.491123,-0.496907,-0.458304,-0.378762,-0.265386,-0.128305,1608.36
-0.0954508,-0.23623,-0.355908,-0.443794,-0.492036,-0.496327,-0.456282,-0.375479,-0.261136,-0.123466,1608.37
-0.100354,-0.240625,-0.359402,-0.446075,-0.492901,-0.495697,-0.454215,-0.372159,-0.256859,-0.118614,1608.38
-0.11013,-0.249342,-0.366282,-0.450502,-0.494481,-0.494289,-0.449944,-0.365406,-0.248228,-0.108877,1608.39
-0.115001,-0.253664,-0.369667,-0.452649,-0.495197,-0.493511,-0.447741,-0.361975,-0.243876,-0.103991,1608.4
-0.119862,-0.25796,-0.373015,-0.45475,-0.495864,-0.492683,-0.445493,-0.358508,-0.239499,-0.0990956,1608.41
-0.12471,-0.26223,-0.376326,-0.456806,-0.496481,-0.491806,-0.443201,-0.355005,-0.235098,-0.0941899,1608.42
-0.129545,-0.266474,-0.379599,-0.458816,-0.497048,-0.49088,-0.440864,-0.351466,-0.230673,-0.0892748,1608.43
-0.134368,-0.270691,-0.382834,-0.46078,-0.497566,-0.489905,-0.438483,-0.347892,-0.226226,-0.0843507,1608.44
-0.139177,-0.274882,-0.386031,-0.462698,-0.498034,-0.488881,-0.436058,-0.344284,-0.221755,-0.0794183,1608.45
-0.143973,-0.279044,-0.38919,-0.46457,-0.498452,-0.487808,-0.43359,-0.340641,-0.217263,-0.0744778,1608.46
-0.148754,-0.283179,-0.392309,-0.466395,-0.49882,-0.486686,-0.431079,-0.336964,-0.212749,-0.06953,1608.47
-0.15352,-0.287286,-0.395389,-0.468174,-0.499138,-0.485516,-0.428524,-0.333253,-0.208214,-0.0645752,1608.48
-0.15827,-0.291364,-0.39843,-0.469906,-0.499407,-0.484297,-0.425926,-0.329509,-0.203657,-0.0596139,1608.49
-0.163005,-0.295412,-0.401431,-0.471591,-0.499625,-0.48303,-0.423286,-0.325732,-0.199081,-0.0546467,1608.5
-0.167724,-0.299431,-0.404392,-0.473229,-0.499794,-0.481714,-0.420604,-0.321922,-0.194484,-0.049674,1608.51
-0.172426,-0.303421,-0.407312,-0.474819,-0.499912,-0.48035,-0.417879,-0.31808,-0.189869,-0.0446963,1608.52
-0.181777,-0.311308,-0.41303,-0.477858,-0.5,-0.477478,-0.412305,-0.310302,-0.18058,-0.0347281,1608.53
-0.186426,-0.315205,-0.415827,-0.479305,-0.499968,-0.475971,-0.409456,-0.306366,-0.175909,-0.0297385,1608.54
-0.191056,-0.31907,-0.418583,-0.480705,-0.499887,-0.474415,-0.406566,-0.302399,-0.17122,-0.0247459,1608.55
-0.195667,-0.322904,-0.421297,-0.482056,-0.499755,-0.472813,-0.403635,-0.298402,-0.166514,-0.0197509,1608.56
-0.200258,-0.326705,-0.423968,-0.48336,-0.499574,-0.471163,-0.400664,-0.294375,-0.161791,-0.0147539,1608.57
-0.20483,-0.330474,-0.426598,-0.484615,-0.499343,-0.469466,-0.397653,-0.290319,-0.157052,-0.00975543,1608.58
-0.209381,-0.334209,-0.429184,-0.485821,-0.499061,-0.467722,-0.394602,-0.286234,-0.152297,-0.00475598,1608.59
-0.21391,-0.337911,-0.431728,-0.486979,-0.49873,-0.465931,-0.391512,-0.28212,-0.147527,0.000243949,1608.6
-0.218419,-0.34158,-0.434228,-0.488088,-0.498349,-0.464094,-0.388382,-0.277978,-0.142742,0.00524385,1608.61
-0.222906,-0.345214,-0.436685,-0.489149,-0.497918,-0.46221,-0.385214,-0.273808,-0.137943,0.0102432,1608.62
-0.22737,-0.348814,-0.439099,-0.49016,-0.497438,-0.46028,-0.382007,-0.269611,-0.133131,0.0152416,1608.63
-0.23623,-0.355908,-0.443794,-0.492036,-0.496327,-0.456282,-0.375479,-0.261136,-0.123466,0.0252332,1608.64
-0.240625,-0.359402,-0.446075,-0.492901,-0.495697,-0.454215,-0.372159,-0.256859,-0.118614,0.0302255,1608.65
-0.244996,-0.36286,-0.448311,-0.493716,-0.495018,-0.452102,-0.368801,-0.252556,-0.113751,0.0352148,1608.66
-0.249342,-0.366282,-0.450502,-0.494481,-0.494289,-0.449944,-0.365406,-0.248228,-0.108877,0.0402005,1608.67
-0.253664,-0.369667,-0.452649,-0.495197,-0.493511,-0.447741,-0.361975,-0.243876,-0.103991,0.0451822,1608.68
-0.25796,-0.373015,-0.45475,-0.495864,-0.492683,-0.445493,-0.358508,-0.239499,-0.0990956,0.0501594,1608.69
-0.26223,-0.376326,-0.456806,-0.496481,-0.491806,-0.443201,-0.355005,-0.235098,-0.0941899,0.0551316,1608.7
-0.270691,-0.382834,-0.46078,-0.497566,-0.489905,-0.438483,-0.347892,-0.226226,-0.0843507,0.065059,1608.71
-0.274882,-0.386031,-0.462698,-0.498034,-0.488881,-0.436058,-0.344284,-0.221755,-0.0794183,0.0700131,1608.72
-0.279044,-0.38919,-0.46457,-0.498452,-0.487808,-0.43359,-0.340641,-0.217263,-0.0744778,0.0749603,1608.73
-0.283179,-0.392309,-0.466395,-0.49882,-0.486686,-0.431079,-0.336964,-0.212749,-0.06953,0.0798999,1608.74
-0.287286,-0.395389,-0.468174,-0.499138,-0.485516,-0.428524,-0.333253,-0.208214,-0.0645752,0.0848316,1608.75
-0.291364,-0.39843,-0.469906,-0.499407,-0.484297,-0.425926,-0.329509,-0.203657,-0.0596139,0.0897548,1608.76
-0.295412,-0.401431,-0.471591,-0.499625,-0.48303,-0.423286,-0.325732,-0.199081,-0.0546467,0.094669,1608.77
-0.299431,-0.404392,-0.473229,-0.499794,-0.481714,-0.420604,-0.321922,-0.194484,-0.049674,0.0995737,1608.78
-0.30738,-0.410192,-0.476362,-0.499981,-0.478938,-0.415113,-0.314207,-0.185234,-0.0397142,0.109353,1608.79
-0.311308,-0.41303,-0.477858,-0.5,-0.477478,-0.412305,-0.310302,-0.18058,-0.0347281,0.114226,1608.8
-0.315205,-0.415827,-0.479305,-0.499968,-0.475971,-0.409456,-0.306366,-0.175909,-0.0297385,0.119088,1608.81
-0.31907,-0.418583,-0.480705,-0.499887,-0.474415,-0.406566,-0.302399,-0.17122,-0.0247459,0.123938,1608.82
-0.322904,-0.421297,-0.482056,-0.499755,-0.472813,-0.403635,-0.298402,-0.166514,-0.0197509,0.128776,1608.83
-0.326705,-0.423968,-0.48336,-0.499574,-0.471163,-0.400664,-0.294375,-0.161791,-0.0147539,0.133601,1608.84
-0.330474,-0.426598,-0.484615,-0.499343,-0.469466,-0.397653,-0.290319,-0.157052,-0.00975543,0.138412,1608.85
-0.334209,-0.429184,-0.485821,-0.499061,-0.467722,-0.394602,-0.286234,-0.152297,-0.00475598,0.14321,1608.86
-0.337911,-0.431728,-0.486979,-0.49873,-0.465931,-0.391512,-0.28212,-0.147527,0.000243949,0.147993,1608.87
-0.345214,-0.436685,-0.489149,-0.497918,-0.46221,-0.385214,-0.273808,-0.137943,0.0102432,0.157515,1608.88
-0.348814,-0.439099,-0.49016,-0.497438,-0.46028,-0.382007,-0.269611,-0.133131,0.0152416,0.162252,1608.89
-0.352378,-0.441468,-0.491123,-0.496907,-0.458304,-0.378762,-0.265386,-0.128305,0.0202384,0.166974,1608.9
-0.355908,-0.443794,-0.492036,-0.496327,-0.456282,-0.375479,-0.261136,-0.123466,0.0252332,0.171678,1608.91
-0.359402,-0.446075,-0.492901,-0.495697,-0.454215,-0.372159,-0.256859,-0.118614,0.0302255,0.176365,1608.92
-0.36286,-0.448311,-0.493716,-0.495018,-0.452102,-0.368801,-0.252556,-0.113751,0.0352148,0.181035,1608.93
-0.369667,-0.452649,-0.495197,-0.493511,-0.447741,-0.361975,-0.243876,-0.103991,0.0451822,0.19032,1608.94
-0.373015,-0.45475,-0.495864,-0.492683,-0.445493,-0.358508,-0.239499,-0.0990956,0.0501594,0.194934,1608.95
-0.376326,-0.456806,-0.496481,-0.491806,-0.443201,-0.355005,-0.235098,-0.0941899,0.0551316,0.199528,1608.96
-0.379599,-0.458816,-0.497048,-0.49088,-0.440864,-0.351466,-0.230673,-0.0892748,0.0600983,0.204103,1608.97
-0.382834,-0.46078,-0.497566,-0.489905,-0.438483,-0.347892,-0.226226,-0.0843507,0.065059,0.208657,1608.98
-0.386031,-0.462698,-0.498034,-0.488881,-0.436058,-0.344284,-0.221755,-0.0794183,0.0700131,0.21319,1608.99
-0.38919,-0.46457,-0.498452,-0.487808,-0.43359,-0.340641,-0.217263,-0.0744778,0.0749603,0.217702,1609
-0.392309,-0.466395,-0.49882,-0.486686,-0.431079,-0.336964,-0.212749,-0.06953,0.0798999,0.222193,1609.01
-0.395389,-0.468174,-0.499138,-0.485516,-0.428524,-0.333253,-0.208214,-0.0645752,0.0848316,0.226661,1609.02
-0.401431,-0.471591,-0.499625,-0.48303,-0.423286,-0.325732,-0.199081,-0.0546467,0.094669,0.235528,1609.03
-0.404392,-0.473229,-0.499794,-0.481714,-0.420604,-0.321922,-0.194484,-0.049674,0.0995737,0.239927,1609.04
-0.407312,-0.474819,-0.499912,-0.48035,-0.417879,-0.31808,-0.189869,-0.0446963,0.104469,0.244301,1609.05
-0.410192,-0.476362,-0.499981,-0.478938,-0.415113,-0.314207,-0.185234,-0.0397142,0.109353,0.248652,1609.06
-0.41303,-0.477858,-0.5,-0.477478,-0.412305,-0.310302,-0.18058,-0.0347281,0.114226,0.252977,1609.07
-0.415827,-0.479305,-0.499968,-0.475971,-0.409456,-0.306366,-0.175909,-0.0297385,0.119088,0.257277,1609.08
-0.418583,-0.480705,-0.499887,-0.474415,-0.406566,-0.302399,-0.17122,-0.0247459,0.123938,0.261552,1609.09
-0.423968,-0.48336,-0.499574,-0.471163,-0.400664,-0.294375,-0.161791,-0.0147539,0.133601,0.270021,1609.1
-0.426598,-0.484615,-0.499343,-0.469466,-0.397653,-0.290319,-0.157052,-0.00975543,0.138412,0.274216,1609.11
-0.429184,-0.485821,-0.499061,-0.467722,-0.394602,-0.286234,-0.152297,-0.00475598,0.14321,0.278383,1609.12
-0.431728,-0.486979,-0.49873,-0.465931,-0.391512,-0.28212,-0.147527,0.000243949,0.147993,0.282523,1609.13
-0.436685,-0.489149,-0.497918,-0.46221,-0.385214,-0.273808,-0.137943,0.0102432,0.157515,0.290716,1609.14
-0.439099,-0.49016,-0.497438,-0.46028,-0.382007,-0.269611,-0.133131,0.0152416,0.162252,0.294769,1609.15
-0.441468,-0.491123,-0.496907,-0.458304,-0.378762,-0.265386,-0.128305,0.0202384,0.166974,0.298793,1609.16
-0.443794,-0.492036,-0.496327,-0.456282,-0.375479,-0.261136,-0.123466,0.0252332,0.171678,0.302787,1609.17
-0.446075,-0.492901,-0.495697,-0.454215,-0.372159,-0.256859,-0.118614,0.0302255,0.176365,0.306751,1609.18
-0.448311,-0.493716,-0.495018,-0.452102,-0.368801,-0.252556,-0.113751,0.0352148,0.181035,0.310684,1609.19
-0.450502,-0.494481,-0.494289,-0.449944,-0.365406,-0.248228,-0.108877,0.0402005,0.185687,0.314586,1609.2
-0.45475,-0.495864,-0.492683,-0.445493,-0.358508,-0.239499,-0.0990956,0.0501594,0.194934,0.322295,1609.21
-0.456806,-0.496481,-0.491806,-0.443201,-0.355005,-0.235098,-0.0941899,0.0551316,0.199528,0.326102,1609.22
-0.458816,-0.497048,-0.49088,-0.440864,-0.351466,-0.230673,-0.0892748,0.0600983,0.204103,0.329876,1609.23
-0.46078,-0.497566,-0.489905,-0.438483,-0.347892,-0.226226,-0.0843507,0.065059,0.208657,0.333617,1609.24
-0.462698,-0.498034,-0.488881,-0.436058,-0.344284,-0.221755,-0.0794183,0.0700131,0.21319,0.337324,1609.25
-0.46457,-0.498452,-0.487808,-0.43359,-0.340641,-0.217263,-0.0744778,0.0749603,0.217702,0.340998,1609.26
-0.466395,-0.49882,-0.486686,-0.431079,-0.336964,-0.212749,-0.06953,0.0798999,0.222193,0.344638,1609.27
-0.469906,-0.499407,-0.484297,-0.425926,-0.329509,-0.203657,-0.0596139,0.0897548,0.231106,0.351813,1609.28
-0.471591,-0.499625,-0.48303,-0.423286,-0.325732,-0.199081,-0.0546467,0.094669,0.235528,0.355348,1609.29
-0.473229,-0.499794,-0.481714,-0.420604,-0.321922,-0.194484,-0.049674,0.0995737,0.239927,0.358848,1609.3
-0.474819,-0.499912,-0.48035,-0.417879,-0.31808,-0.189869,-0.0446963,0.104469,0.244301,0.362312,1609.31
-0.476362,-0.499981,-0.478938,-0.415113,-0.314207,-0.185234,-0.0397142,0.109353,0.248652,0.365739,1609.32
-0.477858,-0.5,-0.477478,-0.412305,-0.310302,-0.18058,-0.0347281,0.114226,0.252977,0.36913,1609.33
-0.479305,-0.499968,-0.475971,-0.409456,-0.306366,-0.175909,-0.0297385,0.119088,0.257277,0.372484,1609.34
-0.482056,-0.499755,-0.472813,-0.403635,-0.298402,-0.166514,-0.0197509,0.128776,0.2658,0.37908,1609.35
-0.48336,-0.499574,-0.471163,-0.400664,-0.294375,-0.161791,-0.0147539,0.133601,0.270021,0.382322,1609.36
-0.484615,-0.499343,-0.469466,-0.397653,-0.290319,-0.157052,-0.00975543,0.138412,0.274216,0.385525,1609.37
-0.485821,-0.499061,-0.467722,-0.394602,-0.286234,-0.152297,-0.00475598,0.14321,0.278383,0.388689,1609.38
-0.486979,-0.49873,-0.465931,-0.391512,-0.28212,-0.147527,0.000243949,0.147993,0.282523,0.391815,1609.39
-0.488088,-0.498349,-0.464094,-0.388382,-0.277978,-0.142742,0.00524385,0.152762,0.286634,0.394902,1609.4
-0.49016,-0.497438,-0.46028,-0.382007,-0.269611,-0.133131,0.0152416,0.162252,0.294769,0.400956,1609.41
-0.491123,-0.496907,-0.458304,-0.378762,-0.265386,-0.128305,0.0202384,0.166974,0.298793,0.403923,1609.42
-0.492036,-0.496327,-0.456282,-0.375479,-0.261136,-0.123466,0.0252332,0.171678,0.302787,0.40685,1609.43
-0.492901,-0.495697,-0.454215,-0.372159,-0.256859,-0.118614,0.0302255,0.176365,0.306751,0.409736,1609.44
-0.494481,-0.494289,-0.449944,-0.365406,-0.248228,-0.108877,0.0402005,0.185687,0.314586,0.415385,1609.45
-0.495197,-0.493511,-0.447741,-0.361975,-0.243876,-0.103991,0.0451822,0.19032,0.318457,0.418147,1609.46
-0.495864,-0.492683,-0.445493,-0.358508,-0.239499,-0.0990956,0.0501594,0.194934,0.322295,0.420867,1609.47
-0.496481,-0.491806,-0.443201,-0.355005,-0.235098,-0.0941899,0.0551316,0.199528,0.326102,0.423546,1609.48
-0.497048,-0.49088,-0.440864,-0.351466,-0.230673,-0.0892748,0.0600983,0.204103,0.329876,0.426182,1609.49
-0.497566,-0.489905,-0.438483,-0.347892,-0.226226,-0.0843507,0.065059,0.208657,0.333617,0.428775,1609.5
-0.498034,-0.488881,-0.436058,-0.344284,-0.221755,-0.0794183,0.0700131,0.21319,0.337324,0.431326,1609.51
-0.498452,-0.487808,-0.43359,-0.340641,-0.217263,-0.0744778,0.0749603,0.217702,0.340998,0.433833,1609.52
-0.49882,-0.486686,-0.431079,-0.336964,-0.212749,-0.06953,0.0798999,0.222193,0.344638,0.436297,1609.53
-0.499138,-0.485516,-0.428524,-0.333253,-0.208214,-0.0645752,0.0848316,0.226661,0.348243,0.438717,1609.54
-0.499407,-0.484297,-0.425926,-0.329509,-0.203657,-0.0596139,0.0897548,0.231106,0.351813,0.441094,1609.55
-0.499625,-0.48303,-0.423286,-0.325732,-0.199081,-0.0546467,0.094669,0.235528,0.355348,0.443426,1609.56
-0.499794,-0.481714,-0.420604,-0.321922,-0.194484,-0.049674,0.0995737,0.239927,0.358848,0.445714,1609.57
-0.499912,-0.48035,-0.417879,-0.31808,-0.189869,-0.0446963,0.104469,0.244301,0.362312,0.447958,1609.58
-0.5,-0.477478,-0.412305,-0.310302,-0.18058,-0.0347281,0.114226,0.252977,0.36913,0.45231,1609.59
-0.499968,-0.475971,-0.409456,-0.306366,-0.175909,-0.0297385,0.119088,0.257277,0.372484,0.454419,1609.6
-0.499887,-0.474415,-0.406566,-0.302399,-0.17122,-0.0247459,0.123938,0.261552,0.375801,0.456482,1609.61
-0.499755,-0.472813,-0.403635,-0.298402,-0.166514,-0.0197509,0.128776,0.2658,0.37908,0.458499,1609.62
-0.499574,-0.471163,-0.400664,-0.294375,-0.161791,-0.0147539,0.133601,0.270021,0.382322,0.46047,1609.63
-0.499343,-0.469466,-0.397653,-0.290319,-0.157052,-0.00975543,0.138412,0.274216,0.385525,0.462396,1609.64
-0.499061,-0.467722,-0.394602,-0.286234,-0.152297,-0.00475598,0.14321,0.278383,0.388689,0.464275,1609.65
-0.49873,-0.465931,-0.391512,-0.28212,-0.147527,0.000243949,0.147993,0.282523,0.391815,0.466108,1609.66
-0.497918,-0.46221,-0.385214,-0.273808,-0.137943,0.0102432,0.157515,0.290716,0.397949,0.469633,1609.67
-0.497438,-0.46028,-0.382007,-0.269611,-0.133131,0.0152416,0.162252,0.294769,0.400956,0.471326,1609.68
-0.496907,-0.458304,-0.378762,-0.265386,-0.128305,0.0202384,0.166974,0.298793,0.403923,0.472971,1609.69
-0.496327,-0.456282,-0.375479,-0.261136,-0.123466,0.0252332,0.171678,0.302787,0.40685,0.474569,1609.7
-0.495697,-0.454215,-0.372159,-0.256859,-0.118614,0.0302255,0.176365,0.306751,0.409736,0.47612,1609.71
-0.495018,-0.452102,-0.368801,-0.252556,-0.113751,0.0352148,0.181035,0.310684,0.412581,0.477623,1609.72
-0.494289,-0.449944,-0.365406,-0.248228,-0.108877,0.0402005,0.185687,0.314586,0.415385,0.479078,1609.73
-0.493511,-0.447741,-0.361975,-0.243876,-0.103991,0.0451822,0.19032,0.318457,0.418147,0.480485,1609.74
-0.491806,-0.443201,-0.355005,-0.235098,-0.0941899,0.0551316,0.199528,0.326102,0.423546,0.483155,1609.75
-0.49088,-0.440864,-0.351466,-0.230673,-0.0892748,0.0600983,0.204103,0.329876,0.426182,0.484418,1609.76
-0.489905,-0.438483,-0.347892,-0.226226,-0.0843507,0.065059,0.208657,0.333617,0.428775,0.485632,1609.77
-0.488881,-0.436058,-0.344284,-0.221755,-0.0794183,0.0700131,0.21319,0.337324,0.431326,0.486798,1609.78
-0.486686,-0.431079,-0.336964,-0.212749,-0.06953,0.0798999,0.222193,0.344638,0.436297,0.488983,1609.79
-0.485516,-0.428524,-0.333253,-0.208214,-0.0645752,0.0848316,0.226661,0.348243,0.438717,0.490003,1609.8
-0.484297,-0.425926,-0.329509,-0.203657,-0.0596139,0.0897548,0.231106,0.351813,0.441094,0.490973,1609.81
-0.48303,-0.423286,-0.325732,-0.199081,-0.0546467,0.094669,0.235528,0.355348,0.443426,0.491894,1609.82
-0.481714,-0.420604,-0.321922,-0.194484,-0.049674,0.0995737,0.239927,0.358848,0.445714,0.492766,1609.83
-0.48035,-0.417879,-0.31808,-0.189869,-0.0446963,0.104469,0.244301,0.362312,0.447958,0.493589,1609.84
-0.477478,-0.412305,-0.310302,-0.18058,-0.0347281,0.114226,0.252977,0.36913,0.45231,0.495086,1609.85
-0.475971,-0.409456,-0.306366,-0.175909,-0.0297385,0.119088,0.257277,0.372484,0.454419,0.495761,1609.86
-0.474415,-0.406566,-0.302399,-0.17122,-0.0247459,0.123938,0.261552,0.375801,0.456482,0.496386,1609.87
-0.472813,-0.403635,-0.298402,-0.166514,-0.0197509,0.128776,0.2658,0.37908,0.458499,0.496961,1609.88
-0.471163,-0.400664,-0.294375,-0.161791,-0.0147539,0.133601,0.270021,0.382322,0.46047,0.497487,1609.89
-0.469466,-0.397653,-0.290319,-0.157052,-0.00975543,0.138412,0.274216,0.385525,0.462396,0.497962,1609.9
-0.467722,-0.394602,-0.286234,-0.152297,-0.00475598,0.14321,0.278383,0.388689,0.464275,0.498389,1609.91
-0.465931,-0.391512,-0.28212,-0.147527,0.000243949,0.147993,0.282523,0.391815,0.466108,0.498765,1609.92
-0.464094,-0.388382,-0.277978,-0.142742,0.00524385,0.152762,0.286634,0.394902,0.467894,0.499091,1609.93
-0.46221,-0.385214,-0.273808,-0.137943,0.0102432,0.157515,0.290716,0.397949,0.469633,0.499367,1609.94
-0.458304,-0.378762,-0.265386,-0.128305,0.0202384,0.166974,0.298793,0.403923,0.472971,0.49977,1609.95
-0.456282,-0.375479,-0.261136,-0.123466,0.0252332,0.171678,0.302787,0.40685,0.474569,0.499897,1609.96
-0.454215,-0.372159,-0.256859,-0.118614,0.0302255,0.176365,0.306751,0.409736,0.47612,0.499973,1609.97
-0.452102,-0.368801,-0.252556,-0.113751,0.0352148,0.181035,0.310684,0.412581,0.477623,0.5,1609.98
-0.449944,-0.365406,-0.248228,-0.108877,0.0402005,0.185687,0.314586,0.415385,0.479078,0.499977,1609.99
-0.445493,-0.358508,-0.239499,-0.0990956,0.0501594,0.194934,0.322295,0.420867,0.481844,0.49978,1610
-0.440864,-0.351466,-0.230673,-0.0892748,0.0600983,0.204103,0.329876,0.426182,0.484418,0.499383,1610.02
-0.438483,-0.347892,-0.226226,-0.0843507,0.065059,0.208657,0.333617,0.428775,0.485632,0.499109,1610.03
-0.436058,-0.344284,-0.221755,-0.0794183,0.0700131,0.21319,0.337324,0.431326,0.486798,0.498786,1610.04
-0.43359,-0.340641,-0.217263,-0.0744778,0.0749603,0.217702,0.340998,0.433833,0.487915,0.498413,1610.05
-0.431079,-0.336964,-0.212749,-0.06953,0.0798999,0.222193,0.344638,0.436297,0.488983,0.49799,1610.06
-0.428524,-0.333253,-0.208214,-0.0645752,0.0848316,0.226661,0.348243,0.438717,0.490003,0.497517,1610.07
-0.423286,-0.325732,-0.199081,-0.0546467,0.094669,0.235528,0.355348,0.443426,0.491894,0.496423,1610.08
-0.420604,-0.321922,-0.194484,-0.049674,0.0995737,0.239927,0.358848,0.445714,0.492766,0.495801,1610.09
-0.417879,-0.31808,-0.189869,-0.0446963,0.104469,0.244301,0.362312,0.447958,0.493589,0.495129,1610.1
-0.415113,-0.314207,-0.185234,-0.0397142,0.109353,0.248652,0.365739,0.450156,0.494362,0.494409,1610.11
-0.412305,-0.310302,-0.18058,-0.0347281,0.114226,0.252977,0.36913,0.45231,0.495086,0.493638,1610.12
-0.409456,-0.306366,-0.175909,-0.0297385,0.119088,0.257277,0.372484,0.454419,0.495761,0.492818,1610.13
-0.406566,-0.302399,-0.17122,-0.0247459,0.123938,0.261552,0.375801,0.456482,0.496386,0.491949,1610.14
-0.403635,-0.298402,-0.166514,-0.0197509,0.128776,0.2658,0.37908,0.458499,0.496961,0.491031,1610.15
-0.400664,-0.294375,-0.161791,-0.0147539,0.133601,0.270021,0.382322,0.46047,0.497487,0.490064,1610.16
-0.397653,-0.290319,-0.157052,-0.00975543,0.138412,0.274216,0.385525,0.462396,0.497962,0.489048,1610.17
-0.391512,-0.28212,-0.147527,0.000243949,0.147993,0.282523,0.391815,0.466108,0.498765,0.486868,1610.18
-0.388382,-0.277978,-0.142742,0.00524385,0.152762,0.286634,0.394902,0.467894,0.499091,0.485706,1610.19
-0.385214,-0.273808,-0.137943,0.0102432,0.157515,0.290716,0.397949,0.469633,0.499367,0.484494,1610.2
-0.382007,-0.269611,-0.133131,0.0152416,0.162252,0.294769,0.400956,0.471326,0.499594,0.483235,1610.21
-0.378762,-0.265386,-0.128305,0.0202384,0.166974,0.298793,0.403923,0.472971,0.49977,0.481927,1610.22
-0.375479,-0.261136,-0.123466,0.0252332,0.171678,0.302787,0.40685,0.474569,0.499897,0.48057,1610.23
-0.372159,-0.256859,-0.118614,0.0302255,0.176365,0.306751,0.409736,0.47612,0.499973,0.479166,1610.24
-0.368801,-0.252556,-0.113751,0.0352148,0.181035,0.310684,0.412581,0.477623,0.5,0.477714,1610.25
-0.365406,-0.248228,-0.108877,0.0402005,0.185687,0.314586,0.415385,0.479078,0.499977,0.476214,1610.26
-0.361975,-0.243876,-0.103991,0.0451822,0.19032,0.318457,0.418147,0.480485,0.499903,0.474666,1610.27
-0.355005,-0.235098,-0.0941899,0.0551316,0.199528,0.326102,0.423546,0.483155,0.499606,0.471429,1610.28
-0.351466,-0.230673,-0.0892748,0.0600983,0.204103,0.329876,0.426182,0.484418,0.499383,0.469739,1610.29
-0.347892,-0.226226,-0.0843507,0.065059,0.208657,0.333617,0.428775,0.485632,0.499109,0.468003,1610.3
-0.340641,-0.217263,-0.0744778,0.0749603,0.217702,0.340998,0.433833,0.487915,0.498413,0.464389,1610.31
-0.336964,-0.212749,-0.06953,0.0798999,0.222193,0.344638,0.436297,0.488983,0.49799,0.462513,1610.32
-0.333253,-0.208214,-0.0645752,0.0848316,0.226661,0.348243,0.438717,0.490003,0.497517,0.460591,1610.33
-0.329509,-0.203657,-0.0596139,0.0897548,0.231106,0.351813,0.441094,0.490973,0.496995,0.458622,1610.34
-0.321922,-0.194484,-0.049674,0.0995737,0.239927,0.358848,0.445714,0.492766,0.495801,0.454547,1610.35
-0.31808,-0.189869,-0.0446963,0.104469,0.244301,0.362312,0.447958,0.493589,0.495129,0.452441,1610.36
-0.314207,-0.185234,-0.0397142,0.109353,0.248652,0.365739,0.450156,0.494362,0.494409,0.450291,1610.37
-0.310302,-0.18058,-0.0347281,0.114226,0.252977,0.36913,0.45231,0.495086,0.493638,0.448095,1610.38
-0.306366,-0.175909,-0.0297385,0.119088,0.257277,0.372484,0.454419,0.495761,0.492818,0.445854,1610.39
-0.302399,-0.17122,-0.0247459,0.123938,0.261552,0.375801,0.456482,0.496386,0.491949,0.443569,1610.4
-0.298402,-0.166514,-0.0197509,0.128776,0.2658,0.37908,0.458499,0.496961,0.491031,0.441239,1610.41
-0.294375,-0.161791,-0.0147539,0.133601,0.270021,0.382322,0.46047,0.497487,0.490064,0.438865,1610.42
-0.290319,-0.157052,-0.00975543,0.138412,0.274216,0.385525,0.462396,0.497962,0.489048,0.436448,1610.43
-0.286234,-0.152297,-0.00475598,0.14321,0.278383,0.388689,0.464275,0.498389,0.487982,0.433986,1610.44
-0.28212,-0.147527,0.000243949,0.147993,0.282523,0.391815,0.466108,0.498765,0.486868,0.431481,1610.45
-0.273808,-0.137943,0.0102432,0.157515,0.290716,0.397949,0.469633,0.499367,0.484494,0.426343,1610.46
-0.269611,-0.133131,0.0152416,0.162252,0.294769,0.400956,0.471326,0.499594,0.483235,0.423709,1610.47
-0.265386,-0.128305,0.0202384,0.166974,0.298793,0.403923,0.472971,0.49977,0.481927,0.421034,1610.48
-0.261136,-0.123466,0.0252332,0.171678,0.302787,0.40685,0.474569,0.499897,0.48057,0.418316,1610.49
-0.256859,-0.118614,0.0302255,0.176365,0.306751,0.409736,0.47612,0.499973,0.479166,0.415556,1610.5
-0.252556,-0.113751,0.0352148,0.181035,0.310684,0.412581,0.477623,0.5,0.477714,0.412755,1610.51
-0.248228,-0.108877,0.0402005,0.185687,0.314586,0.415385,0.479078,0.499977,0.476214,0.409912,1610.52
-0.243876,-0.103991,0.0451822,0.19032,0.318457,0.418147,0.480485,0.499903,0.474666,0.407029,1610.53
-0.235098,-0.0941899,0.0551316,0.199528,0.326102,0.423546,0.483155,0.499606,0.471429,0.40114,1610.54
-0.230673,-0.0892748,0.0600983,0.204103,0.329876,0.426182,0.484418,0.499383,0.469739,0.398135,1610.55
-0.226226,-0.0843507,0.065059,0.208657,0.333617,0.428775,0.485632,0.499109,0.468003,0.395091,1610.56
-0.221755,-0.0794183,0.0700131,0.21319,0.337324,0.431326,0.486798,0.498786,0.466219,0.392007,1610.57
-0.212749,-0.06953,0.0798999,0.222193,0.344638,0.436297,0.488983,0.49799,0.462513,0.385721,1610.58
-0.208214,-0.0645752,0.0848316,0.226661,0.348243,0.438717,0.490003,0.497517,0.460591,0.38252,1610.59
-0.203657,-0.0596139,0.0897548,0.231106,0.351813,0.441094,0.490973,0.496995,0.458622,0.379281,1610.6
-0.199081,-0.0546467,0.094669,0.235528,0.355348,0.443426,0.491894,0.496423,0.456607,0.376005,1610.61
-0.194484,-0.049674,0.0995737,0.239927,0.358848,0.445714,0.492766,0.495801,0.454547,0.37269,1610.62
-0.189869,-0.0446963,0.104469,0.244301,0.362312,0.447958,0.493589,0.495129,0.452441,0.369338,1610.63
-0.185234,-0.0397142,0.109353,0.248652,0.365739,0.450156,0.494362,0.494409,0.450291,0.36595,1610.64
-0.18058,-0.0347281,0.114226,0.252977,0.36913,0.45231,0.495086,0.493638,0.448095,0.362524,1610.65
-0.175909,-0.0297385,0.119088,0.257277,0.372484,0.454419,0.495761,0.492818,0.445854,0.359063,1610.66
-0.17122,-0.0247459,0.123938,0.261552,0.375801,0.456482,0.496386,0.491949,0.443569,0.355565,1610.67
-0.166514,-0.0197509,0.128776,0.2658,0.37908,0.458499,0.496961,0.491031,0.441239,0.352032,1610.68
-0.157052,-0.00975543,0.138412,0.274216,0.385525,0.462396,0.497962,0.489048,0.436448,0.344861,1610.69
-0.152297,-0.00475598,0.14321,0.278383,0.388689,0.464275,0.498389,0.487982,0.433986,0.341223,1610.7
-0.147527,0.000243949,0.147993,0.282523,0.391815,0.466108,0.498765,0.486868,0.431481,0.337552,1610.71
-0.142742,0.00524385,0.152762,0.286634,0.394902,0.467894,0.499091,0.485706,0.428934,0.333846,1610.72
-0.137943,0.0102432,0.157515,0.290716,0.397949,0.469633,0.499367,0.484494,0.426343,0.330107,1610.73
-0.133131,0.0152416,0.162252,0.294769,0.400956,0.471326,0.499594,0.483235,0.423709,0.326336,1610.74
-0.128305,0.0202384,0.166974,0.298793,0.403923,0.472971,0.49977,0.481927,0.421034,0.322531,1610.75
-0.123466,0.0252332,0.171678,0.302787,0.40685,0.474569,0.499897,0.48057,0.418316,0.318694,1610.76
-0.118614,0.0302255,0.176365,0.306751,0.409736,0.47612,0.499973,0.479166,0.415556,0.314826,1610.77
-0.108877,0.0402005,0.185687,0.314586,0.415385,0.479078,0.499977,0.476214,0.409912,0.306995,1610.78
-0.103991,0.0451822,0.19032,0.318457,0.418147,0.480485,0.499903,0.474666,0.407029,0.303033,1610.79
-0.0990956,0.0501594,0.194934,0.322295,0.420867,0.481844,0.49978,0.473071,0.404105,0.299041,1610.8
-0.0941899,0.0551316,0.199528,0.326102,0.423546,0.483155,0.499606,0.471429,0.40114,0.295019,1610.81
-0.0892748,0.0600983,0.204103,0.329876,0.426182,0.484418,0.499383,0.469739,0.398135,0.290967,1610.82
-0.0843507,0.065059,0.208657,0.333617,0.428775,0.485632,0.499109,0.468003,0.395091,0.286886,1610.83
-0.0794183,0.0700131,0.21319,0.337324,0.431326,0.486798,0.498786,0.466219,0.392007,0.282777,1610.84
-0.0744778,0.0749603,0.217702,0.340998,0.433833,0.487915,0.498413,0.464389,0.388883,0.278639,1610.85
-0.0645752,0.0848316,0.226661,0.348243,0.438717,0.490003,0.497517,0.460591,0.38252,0.270281,1610.86
-0.0596139,0.0897548,0.231106,0.351813,0.441094,0.490973,0.496995,0.458622,0.379281,0.266061,1610.87
-0.0546467,0.094669,0.235528,0.355348,0.443426,0.491894,0.496423,0.456607,0.376005,0.261814,1610.88
-0.049674,0.0995737,0.239927,0.358848,0.445714,0.492766,0.495801,0.454547,0.37269,0.257542,1610.89
-0.0446963,0.104469,0.244301,0.362312,0.447958,0.493589,0.495129,0.452441,0.369338,0.253243,1610.9
-0.0397142,0.109353,0.248652,0.365739,0.450156,0.494362,0.494409,0.450291,0.36595,0.248919,1610.91
-0.0347281,0.114226,0.252977,0.36913,0.45231,0.495086,0.493638,0.448095,0.362524,0.244571,1610.92
-0.0297385,0.119088,0.257277,0.372484,0.454419,0.495761,0.492818,0.445854,0.359063,0.240197,1610.93
-0.0197509,0.128776,0.2658,0.37908,0.458499,0.496961,0.491031,0.441239,0.352032,0.231379,1610.94
-0.0147539,0.133601,0.270021,0.382322,0.46047,0.497487,0.490064,0.438865,0.348464,0.226935,1610.95
-0.00975543,0.138412,0.274216,0.385525,0.462396,0.497962,0.489048,0.436448,0.344861,0.222469,1610.96
-0.00475598,0.14321,0.278383,0.388689,0.464275,0.498389,0.487982,0.433986,0.341223,0.21798,1610.97
0.000243949,0.147993,0.282523,0.391815,0.466108,0.498765,0.486868,0.431481,0.337552,0.213469,1610.98
0.00524385,0.152762,0.286634,0.394902,0.467894,0.499091,0.485706,0.428934,0.333846,0.208937,1610.99
0.0102432,0.157515,0.290716,0.397949,0.469633,0.499367,0.484494,0.426343,0.330107,0.204384,1611
0.0152416,0.162252,0.294769,0.400956,0.471326,0.499594,0.483235,0.423709,0.326336,0.199811,1611.01
0.0202384,0.166974,0.298793,0.403923,0.472971,0.49977,0.481927,0.421034,0.322531,0.195218,1611.02
0.0302255,0.176365,0.306751,0.409736,0.47612,0.499973,0.479166,0.415556,0.314826,0.185973,1611.03
0.0352148,0.181035,0.310684,0.412581,0.477623,0.5,0.477714,0.412755,0.310926,0.181323,1611.04
0.0402005,0.185687,0.314586,0.415385,0.479078,0.499977,0.476214,0.409912,0.306995,0.176654,1611.05
0.0451822,0.19032,0.318457,0.418147,0.480485,0.499903,0.474666,0.407029,0.303033,0.171968,1611.06
0.0501594,0.194934,0.322295,0.420867,0.481844,0.49978,0.473071,0.404105,0.299041,0.167264,1611.07
0.0551316,0.199528,0.326102,0.423546,0.483155,0.499606,0.471429,0.40114,0.295019,0.162544,1611.08
0.065059,0.208657,0.333617,0.428775,0.485632,0.499109,0.468003,0.395091,0.286886,0.153055,1611.09
0.0749603,0.217702,0.340998,0.433833,0.487915,0.498413,0.464389,0.388883,0.278639,0.143505,1611.11
0.0798999,0.222193,0.344638,0.436297,0.488983,0.49799,0.462513,0.385721,0.274474,0.138709,1611.12
